path	baseline_blob_e4feb99d	current_blob_ef410ea5	current_status	evidence_class	evidence_sources
.dockerignore	7e849d0fe389c46b52f335216808c1880b7fd938	7e849d0fe389c46b52f335216808c1880b7fd938	present	full-body	primary
.env.example	76167e19dc35952f1575de6203fb650f012a4bd5	76167e19dc35952f1575de6203fb650f012a4bd5	present	full-body	primary
.githooks/pre-push	62b370a260baa1b778417ef42eb6eaca69fe64ff	62b370a260baa1b778417ef42eb6eaca69fe64ff	present	full-body	primary
.github/CODEOWNERS	a2270dcbdd47e04da824b857259647b46a852e51	a2270dcbdd47e04da824b857259647b46a852e51	present	full-body	primary
.github/dependabot.yml	96eb057196783dddbf2de13a874149e778105dfc	96eb057196783dddbf2de13a874149e778105dfc	present	full-body	primary
.github/workflows/ci.yml	84d0cf5bb62e577a1529b4b015389c9f71cd02ab	84d0cf5bb62e577a1529b4b015389c9f71cd02ab	present	full-body	primary
.github/workflows/codeql.yml	1970c79339da2a71831a23f8d6f61f54257bb676	1970c79339da2a71831a23f8d6f61f54257bb676	present	full-body	primary
.github/workflows/release-gate.yml	49001ad681389e2f492dbde06313a61f7a3afe98	49001ad681389e2f492dbde06313a61f7a3afe98	present	full-body	primary
.gitignore	37aa22ae92efba86692503fb825a183f72fe0a10	37aa22ae92efba86692503fb825a183f72fe0a10	present	full-body	primary
.mailmap	ecf5c1be540333831d67ee36a402636c36108404	ecf5c1be540333831d67ee36a402636c36108404	present	full-body	primary
.node-version	a45fd52cc5891570d6299fab38643103c3955474	a45fd52cc5891570d6299fab38643103c3955474	present	full-body	primary
.prettierignore	1d85c417b6dfe8801af87ef2c991991ac65f7984	1d85c417b6dfe8801af87ef2c991991ac65f7984	present	full-body	primary
.prettierrc.json	aeea5dd7eef7d8ab90b7d223660f3ad0869f528c	aeea5dd7eef7d8ab90b7d223660f3ad0869f528c	present	full-body	primary
AGENTS.md	283563d117522e09c78cc212e80cf1b7e22e7a49	283563d117522e09c78cc212e80cf1b7e22e7a49	present	full-body	primary
CONTEXT.md	eec305ffff31b22e107376774b5f99248e76ac54	eec305ffff31b22e107376774b5f99248e76ac54	present	full-body	primary
CONTRIBUTING.md	51896cccf90b149343711ae49b3cad7bcddea376	51896cccf90b149343711ae49b3cad7bcddea376	present	full-body	primary
Dockerfile	428907b2752618e47117d829262136df5243de65	428907b2752618e47117d829262136df5243de65	present	full-body	primary
README.md	188875c0f854616c235673aca2ae88ec26b02e83	de0b69fe1606de95ad710bbaecc9c1625b21d443	present	full-body	primary
SECURITY.md	4b98d5769a9421a0e96c769ed3f6c322155b39e3	4b98d5769a9421a0e96c769ed3f6c322155b39e3	present	full-body	primary
apps/api/package.json	e933fd5b825ba8988abe117d61b45ed98621685c	e933fd5b825ba8988abe117d61b45ed98621685c	present	full-body	apps
apps/api/src/app.module.ts	f0f18617e80d75deee3745adb8f406229ec7215f	f0f18617e80d75deee3745adb8f406229ec7215f	present	full-body	apps
apps/api/src/app.ts	b081cc182c2000897f24ffe9b62954b2aec0989c	b081cc182c2000897f24ffe9b62954b2aec0989c	present	full-body	apps
apps/api/src/application-error-mappers.ts	374e34877ac3721e0e676b3291296a5a9457d399	374e34877ac3721e0e676b3291296a5a9457d399	present	full-body	apps
apps/api/src/artifacts/controllers.ts	73953f402bc7ca78eaba4715b65920957ec802ec	73953f402bc7ca78eaba4715b65920957ec802ec	present	full-body	apps
apps/api/src/artifacts/errors.ts	a9a03c283d97ccb9b6aeb9e67da39e286f6a9a87	a9a03c283d97ccb9b6aeb9e67da39e286f6a9a87	present	full-body	apps
apps/api/src/artifacts/guards.ts	665fb4a53b99d247e8fc73a4ea7b1644e3300243	665fb4a53b99d247e8fc73a4ea7b1644e3300243	present	full-body	apps
apps/api/src/artifacts/index.ts	7ae8ef3c3149ed032c7c0130c4fbfbb0aa4c7e78	7ae8ef3c3149ed032c7c0130c4fbfbb0aa4c7e78	present	full-body	apps
apps/api/src/artifacts/module.ts	c44440921b9f0479a36861567e2f15783fa29759	c44440921b9f0479a36861567e2f15783fa29759	present	full-body	apps
apps/api/src/artifacts/ports.ts	0c3de3166eea61de1e9ae9823125dba982563c74	0c3de3166eea61de1e9ae9823125dba982563c74	present	full-body	apps
apps/api/src/artifacts/service.ts	43dd8015521782360d0c6c4557f7278c2bd7f287	43dd8015521782360d0c6c4557f7278c2bd7f287	present	full-body	apps
apps/api/src/artifacts/store-port.ts	0416036cc89b9e3b337c1cc8c577d3fd14c00ed4	0416036cc89b9e3b337c1cc8c577d3fd14c00ed4	present	full-body	apps
apps/api/src/artifacts/tokens.ts	2cdc1d56a1c9d9fd5d21c645c8d2ec9a2fe5f16e	2cdc1d56a1c9d9fd5d21c645c8d2ec9a2fe5f16e	present	full-body	apps
apps/api/src/connections/authorization.ts	a597a366187fb3f58d356557a5f2adc80bac5019	a597a366187fb3f58d356557a5f2adc80bac5019	present	full-body	apps
apps/api/src/connections/controllers.ts	a2f9b964034bf4ba88d89515a49b627e8d0455d1	a2f9b964034bf4ba88d89515a49b627e8d0455d1	present	full-body	apps
apps/api/src/connections/errors.ts	cebcec6f41a5b41f6d4bf833ee7e6154ed9824b3	cebcec6f41a5b41f6d4bf833ee7e6154ed9824b3	present	full-body	apps
apps/api/src/connections/failure-notification-destinations.ts	e7510d6f163fdee49d6a4097bc73fc47d88cae00	e7510d6f163fdee49d6a4097bc73fc47d88cae00	present	full-body	apps
apps/api/src/connections/guards.ts	99facac03b2cae7216d395759c33190836ee487e	99facac03b2cae7216d395759c33190836ee487e	present	full-body	apps
apps/api/src/connections/index.ts	14112ff91a3eb0132b97d753b18d380e5b6f0381	14112ff91a3eb0132b97d753b18d380e5b6f0381	present	full-body	apps
apps/api/src/connections/module.ts	1e2db82cdeb6f7a81cd305deb25b7041296e027b	1e2db82cdeb6f7a81cd305deb25b7041296e027b	present	full-body	apps
apps/api/src/connections/ports.ts	37cda08e3dac54efc7abf7743aa0bebce33c62f6	37cda08e3dac54efc7abf7743aa0bebce33c62f6	present	full-body	apps
apps/api/src/connections/telemetry.ts	7dbad848c0868e06972ee674cea825634547e792	7dbad848c0868e06972ee674cea825634547e792	present	full-body	apps
apps/api/src/connections/tokens.ts	c72c6e1dd0bb6e5318a4525df0a6395da7009fb0	c72c6e1dd0bb6e5318a4525df0a6395da7009fb0	present	full-body	apps
apps/api/src/connections/types.ts	885ae77aedf7ecad447c541c64c8cdcdd341f0e2	885ae77aedf7ecad447c541c64c8cdcdd341f0e2	present	full-body	apps
apps/api/src/connections/use-cases.ts	5cd6dd92330d2bf318ba37f64d91fc27de1d901d	5cd6dd92330d2bf318ba37f64d91fc27de1d901d	present	full-body	apps
apps/api/src/executions/index.ts	c8d369e8ab7ef9b9a10a26bfb6eaafa3edb7c681	c8d369e8ab7ef9b9a10a26bfb6eaafa3edb7c681	present	full-body	apps
apps/api/src/executions/initial-workflow-checkpoint.ts	02fca340a147ccf662cf1be2d692a05391b58bf5	02fca340a147ccf662cf1be2d692a05391b58bf5	present	full-body	apps
apps/api/src/executions/postgres-run-event-reader.ts	d27a3c0b3f392b4319cd1efab90f9063829e6a47	d27a3c0b3f392b4319cd1efab90f9063829e6a47	present	full-body	apps
apps/api/src/executions/redis-run-event-publisher.ts	b43e0c8b57dcc02c60088c3097c835c2445e03c3	b43e0c8b57dcc02c60088c3097c835c2445e03c3	present	full-body	apps
apps/api/src/executions/redis-run-event-source.ts	5a41c02e90f06e1ea58facf4ac2d43a805044a8c	5a41c02e90f06e1ea58facf4ac2d43a805044a8c	present	full-body	apps
apps/api/src/executions/run-event-stream.ts	323dedb17073cd5e299d9ba1d7625a5e59cf05e7	323dedb17073cd5e299d9ba1d7625a5e59cf05e7	present	full-body	apps
apps/api/src/identity-infrastructure/index.ts	65672dc45718a1415e39cc917771732b10ca8aa1	65672dc45718a1415e39cc917771732b10ca8aa1	present	full-body	apps
apps/api/src/identity-infrastructure/oidc-adapter.ts	75d7196f3d4b6355cd0d006e4ab8b28d654bb7c3	75d7196f3d4b6355cd0d006e4ab8b28d654bb7c3	present	full-body	apps
apps/api/src/identity-infrastructure/oidc-secret-encryption.ts	89b574e626b447a1e9c83f207cb6e08f0cab000d	89b574e626b447a1e9c83f207cb6e08f0cab000d	present	full-body	apps
apps/api/src/identity-workspace/contracts.ts	7a48608148775ad2f6c211b73a35a62e043bf22d	7a48608148775ad2f6c211b73a35a62e043bf22d	present	full-body	apps
apps/api/src/identity-workspace/controllers.ts	5851831f781188b42aa74ac30e780acd0b2ef135	d9597352c711d364694133503334ba1956278683	present	full-body	apps
apps/api/src/identity-workspace/database-adapter.ts	ba35b8bc0ab26adf6d34eb3e520f21e5a6ef6c13	ba35b8bc0ab26adf6d34eb3e520f21e5a6ef6c13	present	full-body	apps
apps/api/src/identity-workspace/errors.ts	ea5997bf93da8004b226a391ec55a3298fc1e030	ea5997bf93da8004b226a391ec55a3298fc1e030	present	full-body	apps
apps/api/src/identity-workspace/guards.ts	1c9c52e255eccbc3465e633d0680dbf24822aece	bde39475ee0c279c5bdd935717f8771f91ac3e64	present	full-body	apps
apps/api/src/identity-workspace/index.ts	dcbd9d612ef61edaa75cb15e87760c69d79cbfc0	dcbd9d612ef61edaa75cb15e87760c69d79cbfc0	present	full-body	apps
apps/api/src/identity-workspace/module.ts	0d1209000e29a32b7ad5a2c170dc288641fe2eb3	0d1209000e29a32b7ad5a2c170dc288641fe2eb3	present	full-body	apps
apps/api/src/identity-workspace/ports.ts	565060c25fd948d5948e39fbfd1868b60f994600	565060c25fd948d5948e39fbfd1868b60f994600	present	full-body	apps
apps/api/src/identity-workspace/request-identifiers.ts	b0281edd0ebc5898075d2cdb1994c8c26ee6589d	b0281edd0ebc5898075d2cdb1994c8c26ee6589d	present	full-body	apps
apps/api/src/identity-workspace/telemetry.ts	8f203d089c193080130a8e407d6a94ed6c1ffbb9	8f203d089c193080130a8e407d6a94ed6c1ffbb9	present	full-body	apps
apps/api/src/identity-workspace/tokens.ts	972d805bc40507a303c934820cdafe7ace80ac3d	972d805bc40507a303c934820cdafe7ace80ac3d	present	full-body	apps
apps/api/src/identity-workspace/types.ts	c7f34ac896f5cd7d971fbeae1683ccea912c809e	c7f34ac896f5cd7d971fbeae1683ccea912c809e	present	full-body	apps
apps/api/src/identity-workspace/use-cases.ts	a9bba0c817d0c2dd394558ffa3002cfc71b3fcbd	a9bba0c817d0c2dd394558ffa3002cfc71b3fcbd	present	full-body	apps
apps/api/src/identity/crypto.ts	7ac5b43d2221c884b34ab22cd13ca5b6ffaeafcb	7ac5b43d2221c884b34ab22cd13ca5b6ffaeafcb	present	full-body	apps
apps/api/src/identity/csrf.ts	664e9fc60d6c9a2556eef0238a1fb25ca680be07	664e9fc60d6c9a2556eef0238a1fb25ca680be07	present	full-body	apps
apps/api/src/identity/errors.ts	27fab53e571058eac69a2b2e8791ceae7f0cc801	27fab53e571058eac69a2b2e8791ceae7f0cc801	present	full-body	apps
apps/api/src/identity/index.ts	a1bb4070d3b2a7b8d7fb618cdaf1ab22f1417b96	a1bb4070d3b2a7b8d7fb618cdaf1ab22f1417b96	present	full-body	apps
apps/api/src/identity/oidc.ts	0e0df19db6d5eae32d33b496195dc5d37f94a371	0e0df19db6d5eae32d33b496195dc5d37f94a371	present	full-body	apps
apps/api/src/identity/ports.ts	71685ae27551e1f5ca11a149f868d1c8f5d27c1a	71685ae27551e1f5ca11a149f868d1c8f5d27c1a	present	full-body	apps
apps/api/src/identity/session.ts	6f4a644300657663063c678a536d6699d4d79961	6f4a644300657663063c678a536d6699d4d79961	present	full-body	apps
apps/api/src/identity/types.ts	12437567c9ac61b1ee3def88aeb8f81ed998bafc	12437567c9ac61b1ee3def88aeb8f81ed998bafc	present	full-body	apps
apps/api/src/main.ts	8769e406f400f9bc51f3bc5229dda7904ffea455	8769e406f400f9bc51f3bc5229dda7904ffea455	present	full-body	apps
apps/api/src/node-testing/controller.ts	d8bb814f8d0825c47ff35239d003e95523a0a340	d8bb814f8d0825c47ff35239d003e95523a0a340	present	full-body	apps
apps/api/src/node-testing/errors.ts	daca9f8786671fefafe1911c96b5fcebea2c3f6d	daca9f8786671fefafe1911c96b5fcebea2c3f6d	present	full-body	apps
apps/api/src/node-testing/guards.ts	29f84c1bead009e0566b875c36aaec72e04759f8	29f84c1bead009e0566b875c36aaec72e04759f8	present	full-body	apps
apps/api/src/node-testing/index.ts	940ceef166add3b2f6e6bbde44199349aeb9df4b	940ceef166add3b2f6e6bbde44199349aeb9df4b	present	full-body	apps
apps/api/src/node-testing/module.ts	d88abf114bbd25011c1321bcf1d1c74fb9922f38	d88abf114bbd25011c1321bcf1d1c74fb9922f38	present	full-body	apps
apps/api/src/node-testing/ports.ts	dc7bc0c2b483831cb7ec4b1866d13d4d017f21dc	dc7bc0c2b483831cb7ec4b1866d13d4d017f21dc	present	full-body	apps
apps/api/src/node-testing/tokens.ts	84cb302972812423952859704dce49a6c638e31a	84cb302972812423952859704dce49a6c638e31a	present	full-body	apps
apps/api/src/node-testing/use-case.ts	53956e974e61304114a90f84955ab4b0162f38d6	53956e974e61304114a90f84955ab4b0162f38d6	present	full-body	apps
apps/api/src/node-testing/validation.ts	1d30eaeb8b929e59d99690a7ca04371592af81db	1d30eaeb8b929e59d99690a7ca04371592af81db	present	full-body	apps
apps/api/src/platform/artifacts/artifact-runtime.module.ts	23acd4b9e8ed6e1eaeb09f36a45dc2918dc3c8d6	23acd4b9e8ed6e1eaeb09f36a45dc2918dc3c8d6	present	full-body	apps
apps/api/src/platform/config/api-config.ts	5604e32ebec04b3788efd81566ad92506bf613f9	5604e32ebec04b3788efd81566ad92506bf613f9	present	full-body	apps
apps/api/src/platform/connections/connection-runtime.module.ts	28d453733a9f62ae00a4336c79caf9a288fe6915	28d453733a9f62ae00a4336c79caf9a288fe6915	present	full-body	apps
apps/api/src/platform/database/database.module.ts	6bc3edb734d354b30180e17dcd490fe03d43276a	6bc3edb734d354b30180e17dcd490fe03d43276a	present	full-body	apps
apps/api/src/platform/health/drain-state.ts	2293e9e7fb02b43bcc1bb4c8469f27413b10b975	2293e9e7fb02b43bcc1bb4c8469f27413b10b975	present	full-body	apps
apps/api/src/platform/health/live.controller.ts	8ea5161165930331319d6c6efe5f3198ed7282bd	8ea5161165930331319d6c6efe5f3198ed7282bd	present	full-body	apps
apps/api/src/platform/health/ready.controller.ts	48098791400e4e764c06a1f90e230c5030b62690	48098791400e4e764c06a1f90e230c5030b62690	present	full-body	apps
apps/api/src/platform/http/application-error.ts	3026257b15e3f993c1d86ca7aa0baadd70a86c43	fb470c658c62ef75658bccf16618fa0fb14bb7c8	present	full-body	apps
apps/api/src/platform/http/http.module.ts	56a135a64b3e5e3b1529870318fe63be4a69e80d	56a135a64b3e5e3b1529870318fe63be4a69e80d	present	full-body	apps
apps/api/src/platform/http/idempotency-key.ts	a83ea7d80cf325c589252eb5fe477b43bdcf83b5	a83ea7d80cf325c589252eb5fe477b43bdcf83b5	present	full-body	apps
apps/api/src/platform/http/index.ts	894980f143c2759128a48e7e07efcb1261adcffc	3e6cb9e495b49e39e947d2f7d8ce610f01983c80	present	full-body	apps
apps/api/src/platform/http/problem-details.filter.ts	de2c15b64b1b1a9faa17f8924d32477b29271398	de2c15b64b1b1a9faa17f8924d32477b29271398	present	full-body	apps
apps/api/src/platform/http/request-context.ts	1f2ae31c6c0ebaae106cf9651612acfb83243a80	1f2ae31c6c0ebaae106cf9651612acfb83243a80	present	full-body	apps
apps/api/src/platform/http/request-headers.ts	efee147fb2fb6052bce2845e6374c0c091c4e2b8	efee147fb2fb6052bce2845e6374c0c091c4e2b8	present	full-body	apps
apps/api/src/platform/http/request-operation-signal.ts	47c706d7e9a89dff3da96fe8c7246f8d8c0166df	47c706d7e9a89dff3da96fe8c7246f8d8c0166df	present	full-body	apps
apps/api/src/platform/identity/identity-runtime.module.ts	b51237afc420fd20114967dc2532b79cfd356020	b51237afc420fd20114967dc2532b79cfd356020	present	full-body	apps
apps/api/src/platform/observability/api-metrics.ts	67877a88e768fa549ac5cbaa4c4707a737bff216	67877a88e768fa549ac5cbaa4c4707a737bff216	present	full-body	apps
apps/api/src/platform/observability/observability.module.ts	ba2217a45a2c6aa7d0ba3f2593b5bcfc0a9521b9	ba2217a45a2c6aa7d0ba3f2593b5bcfc0a9521b9	present	full-body	apps
apps/api/src/platform/observability/sse-visibility-metrics.ts	b781c4bd4bfcef9f7b142a280477115667324ea4	b781c4bd4bfcef9f7b142a280477115667324ea4	present	full-body	apps
apps/api/src/platform/rate-limit/interceptor.ts	aa3f47e47b6c52f6b0f3133d76ec61443a7ba222	114f112285917aa6dba7400421612115c32c1ca6	present	full-body	apps
apps/api/src/platform/rate-limit/metadata.ts	178fc4c2edae848721afbe311c2a958f6c4860e9	178fc4c2edae848721afbe311c2a958f6c4860e9	present	full-body	apps
apps/api/src/platform/rate-limit/metrics.ts	f9968fc659bde62644689abd2e2b3db7424e8d4d	f9968fc659bde62644689abd2e2b3db7424e8d4d	present	full-body	apps
apps/api/src/platform/rate-limit/rate-limit.module.ts	db94e1b8efc66922c94c4cddb6ad70e9255fed6f	db94e1b8efc66922c94c4cddb6ad70e9255fed6f	present	full-body	apps
apps/api/src/platform/schedules/schedule-runtime.module.ts	5ac3221a76337fd936b797056b4a523d29d6c71a	5ac3221a76337fd936b797056b4a523d29d6c71a	present	full-body	apps
apps/api/src/platform/webhooks/webhook-runtime.module.ts	9622db3e7819156799b607cb7c81aa845e169489	9622db3e7819156799b607cb7c81aa845e169489	present	full-body	apps
apps/api/src/platform/workflow/workflow-runtime.module.ts	647ceb01cc6f3d54650b5c06ca66ad13c0c6d8ea	647ceb01cc6f3d54650b5c06ca66ad13c0c6d8ea	present	full-body	apps
apps/api/src/schedules/controllers.ts	331f4d2d773c0f6dbacdc40d8ab801eb75160d16	6981a86b72d7926ec0dbb2925b5e29756e63ae85	present	full-body	apps
apps/api/src/schedules/guards.ts	b1d97f083bef4f9fc440527f86439b58ecce44a6	b1d97f083bef4f9fc440527f86439b58ecce44a6	present	full-body	apps
apps/api/src/schedules/module.ts	e5337635aa9e52fd44759c141b6c230761063965	e5337635aa9e52fd44759c141b6c230761063965	present	full-body	apps
apps/api/src/schedules/service.ts	1b303e8d0eed5f6ee2b749143f964d8056ba39ad	bfc14863ef15a86983c716aea86c69c3f2f266b9	present	full-body	apps
apps/api/src/schedules/telemetry.ts	24d58457f30c938e643bfa0135513189a4b77d3f	24d58457f30c938e643bfa0135513189a4b77d3f	present	full-body	apps
apps/api/src/webhooks/controllers.ts	6b06978a1ca1bd0cbc457037c13df4f5fd05b205	6b06978a1ca1bd0cbc457037c13df4f5fd05b205	present	full-body	apps
apps/api/src/webhooks/guards.ts	b7ad1c283beab3003047f34ca69630b91d5673f5	b7ad1c283beab3003047f34ca69630b91d5673f5	present	full-body	apps
apps/api/src/webhooks/ingress.ts	72c05b372cb5a26ad76d11ca727ec65da47fa331	9b427955810ac9a06a22118a013f571ed80b6e8d	present	full-body	apps
apps/api/src/webhooks/module.ts	92977496b1c832b0e3baf2dc5c07138446dc9103	92977496b1c832b0e3baf2dc5c07138446dc9103	present	full-body	apps
apps/api/src/webhooks/service.ts	e6fcd11c9843b08d2310f751a7d2461409acbddf	eb8f41bdaa78094ae1eada757f976c026b53e92d	present	full-body	apps
apps/api/src/webhooks/telemetry.ts	bf1654154d8953d9d3c9628fda7d54ae48381023	bf1654154d8953d9d3c9628fda7d54ae48381023	present	full-body	apps
apps/api/src/workflow-authoring/controllers.ts	bf9012506774e6a55b4d651ef7fe6459b9f4eb3d	bf9012506774e6a55b4d651ef7fe6459b9f4eb3d	present	full-body	apps
apps/api/src/workflow-authoring/cursor.ts	a8cde53199131f958d95e486b465cf4922cebe2a	a8cde53199131f958d95e486b465cf4922cebe2a	present	full-body	apps
apps/api/src/workflow-authoring/errors.ts	051eaf6132cdaad58fa2a7fb1d1c63ec04f29751	48e13f7a8c653dc51bc900da1ff3c585263951c9	present	full-body	apps
apps/api/src/workflow-authoring/etag.ts	a70fc756874a2015bb4d66a69cf9f712813dca4c	a70fc756874a2015bb4d66a69cf9f712813dca4c	present	full-body	apps
apps/api/src/workflow-authoring/graph.ts	7baef2d88d9d48b7adef28738f768b410b4a867f	7baef2d88d9d48b7adef28738f768b410b4a867f	present	full-body	apps
apps/api/src/workflow-authoring/guards.ts	c6ba57da2ff16c430910452aa36611ce04652dfe	c6ba57da2ff16c430910452aa36611ce04652dfe	present	full-body	apps
apps/api/src/workflow-authoring/index.ts	54f6ab0d9b59fbdfd7ac39a508b2d7707abfc2a9	54f6ab0d9b59fbdfd7ac39a508b2d7707abfc2a9	present	full-body	apps
apps/api/src/workflow-authoring/lifecycle-use-case.ts	01aa8628a9f2972a38de7acd17e64598239407a6	01aa8628a9f2972a38de7acd17e64598239407a6	present	full-body	apps
apps/api/src/workflow-authoring/module.ts	7b0fd0d0d0938958d676ee75e6a25ff8b0b95db9	7b0fd0d0d0938958d676ee75e6a25ff8b0b95db9	present	full-body	apps
apps/api/src/workflow-authoring/ports.ts	951c2c661cb91a08f2d85f8dcec4db8a1729c826	951c2c661cb91a08f2d85f8dcec4db8a1729c826	present	full-body	apps
apps/api/src/workflow-authoring/preconditions.ts	ce8ebb1dcf94c5fdf617eeac6c80f266627d3237	ce8ebb1dcf94c5fdf617eeac6c80f266627d3237	present	full-body	apps
apps/api/src/workflow-authoring/restore-version-use-case.ts	7b1843ea4572a617c3e13e787576a48fc7b2a1dd	7b1843ea4572a617c3e13e787576a48fc7b2a1dd	present	full-body	apps
apps/api/src/workflow-authoring/serializers.ts	71fa0203c82ee73ffe166ddd36549f46d6f85f4b	71fa0203c82ee73ffe166ddd36549f46d6f85f4b	present	full-body	apps
apps/api/src/workflow-authoring/telemetry.ts	44023c4d822b8691896891d4c6b5bfff2f25bacc	44023c4d822b8691896891d4c6b5bfff2f25bacc	present	full-body	apps
apps/api/src/workflow-authoring/tokens.ts	0596fcd6f6f6aaad2309686f29bf464bdf3107f3	0596fcd6f6f6aaad2309686f29bf464bdf3107f3	present	full-body	apps
apps/api/src/workflow-authoring/types.ts	2532e29165a33134b4b537674624db8be6770309	2532e29165a33134b4b537674624db8be6770309	present	full-body	apps
apps/api/src/workflow-authoring/use-cases.ts	2d88ca7b4c9f969fb948a35a8195094b91a335a2	2d88ca7b4c9f969fb948a35a8195094b91a335a2	present	full-body	apps
apps/api/src/workflow-runs/controllers.ts	86a234e757381ecc8b367cdc4ed8e7e7ca0ffad7	86a234e757381ecc8b367cdc4ed8e7e7ca0ffad7	present	full-body	apps
apps/api/src/workflow-runs/errors.ts	719063f419fe689657e1cc7e30bfdd5ff139d7c6	2be1367d953191be3a70e4c6ef7027b9c4f80014	present	full-body	apps
apps/api/src/workflow-runs/event-streamer.ts	03f1c5c9853848fe51dc31f5cf5b2051920f01af	03f1c5c9853848fe51dc31f5cf5b2051920f01af	present	full-body	apps
apps/api/src/workflow-runs/guards.ts	765da9a0ea937722126e41a0241707c2fc5fd617	765da9a0ea937722126e41a0241707c2fc5fd617	present	full-body	apps
apps/api/src/workflow-runs/index.ts	5f3e2adf52f13e66693552dcc7defc29b973398e	5f3e2adf52f13e66693552dcc7defc29b973398e	present	full-body	apps
apps/api/src/workflow-runs/module.ts	2b0905b8be190d5dbdd4f1f99d59545cdd976b07	2b0905b8be190d5dbdd4f1f99d59545cdd976b07	present	full-body	apps
apps/api/src/workflow-runs/ports.ts	f98b5466af539fac828718ae667c08cabea309bf	f98b5466af539fac828718ae667c08cabea309bf	present	full-body	apps
apps/api/src/workflow-runs/postgres-persistence.ts	55030c9eb035a291799f0a9f23140d214e011933	55030c9eb035a291799f0a9f23140d214e011933	present	full-body	apps
apps/api/src/workflow-runs/tokens.ts	161273637470b43522c241826b1b12f604796d39	161273637470b43522c241826b1b12f604796d39	present	full-body	apps
apps/api/src/workflow-runs/use-cases.ts	8fc20d7e320276f0fe9e2e5ff65cb6f0a23edad3	8fc20d7e320276f0fe9e2e5ff65cb6f0a23edad3	present	full-body	apps
apps/api/src/workspaces/actor-context.ts	36fa784c219c9a536149aa485f8baee095740430	36fa784c219c9a536149aa485f8baee095740430	present	full-body	apps
apps/api/src/workspaces/audit.ts	806acee8b7f270e354251efdb0a9b090a141645c	806acee8b7f270e354251efdb0a9b090a141645c	present	full-body	apps
apps/api/src/workspaces/authorize-workspace.ts	e4ab0401248abf402608ecc4074e9443f8ed2b62	e4ab0401248abf402608ecc4074e9443f8ed2b62	present	full-body	apps
apps/api/src/workspaces/index.ts	0384d467625ca4af572a2beab244b9bf499dc352	0384d467625ca4af572a2beab244b9bf499dc352	present	full-body	apps
apps/api/src/workspaces/policy.ts	71355b5810ea6f2ad274fa0f5922bf3b83501de8	71355b5810ea6f2ad274fa0f5922bf3b83501de8	present	full-body	apps
apps/api/src/workspaces/types.ts	0365c148b96b89567006659a11e54637f03e5966	0365c148b96b89567006659a11e54637f03e5966	present	full-body	apps
apps/api/test/api-bootstrap.test.ts	77036aab1b4945b71de6cdf0bc1fe1c72c4ae769	77036aab1b4945b71de6cdf0bc1fe1c72c4ae769	present	full-body	apps
apps/api/test/api-config.test.ts	5ca7d9ff8536bef06cd6b7486cc81029c3b9a6cb	5ca7d9ff8536bef06cd6b7486cc81029c3b9a6cb	present	full-body	apps
apps/api/test/artifacts/controllers.test.ts	28d5bac7519da1461bbd1c29e52e060ecb3b4dd0	28d5bac7519da1461bbd1c29e52e060ecb3b4dd0	present	full-body	apps
apps/api/test/artifacts/runtime.test.ts	9be94d7c1db58a1b6cce947945c8ec5eca8d3d1e	9be94d7c1db58a1b6cce947945c8ec5eca8d3d1e	present	full-body	apps
apps/api/test/artifacts/service.test.ts	0164170784da45a7b8951a12c2a227557c1f138f	0164170784da45a7b8951a12c2a227557c1f138f	present	full-body	apps
apps/api/test/artifacts/transfer.integration.test.ts	d184677f5dc0b2bf4270cac08708d563ae79dfe0	d184677f5dc0b2bf4270cac08708d563ae79dfe0	present	full-body	apps
apps/api/test/connections/controllers.test.ts	1371e420ee112add7d13652bc2c3588019ce1f48	1371e420ee112add7d13652bc2c3588019ce1f48	present	full-body	apps
apps/api/test/connections/credential-boundaries.test.ts	ef46bcf21cb23d832109a5318881fea0966ab9e3	ef46bcf21cb23d832109a5318881fea0966ab9e3	present	full-body	apps
apps/api/test/connections/errors.test.ts	e9b97ed5bf42a9df044819634d6574ac8a35a7bf	9cf619042ea1909353bb4d75070da2deffc5c6c3	present	full-body	apps
apps/api/test/connections/failure-notification-destinations.test.ts	0551b437cac6f50baa55d67078450c1516dc35d5	0551b437cac6f50baa55d67078450c1516dc35d5	present	full-body	apps
apps/api/test/connections/http-stack.test.ts	84d01b48ed275412a09b2dcc89e59679ff94198b	84d01b48ed275412a09b2dcc89e59679ff94198b	present	full-body	apps
apps/api/test/connections/module.test.ts	9c1feb058f058dd04533845a27d1f919f241b585	9c1feb058f058dd04533845a27d1f919f241b585	present	full-body	apps
apps/api/test/connections/telemetry.test.ts	bc7dfe1b580bf00640b57669661c98ae4b4b412f	bc7dfe1b580bf00640b57669661c98ae4b4b412f	present	full-body	apps
apps/api/test/connections/use-cases.test.ts	f9e1f5e8b4439f2bb7194d2fddbe6eac271d5a96	f9e1f5e8b4439f2bb7194d2fddbe6eac271d5a96	present	full-body	apps
apps/api/test/executions/postgres-run-event-reader.test.ts	5a2d61be1e56e07598f992016f70cc6a2554538f	5a2d61be1e56e07598f992016f70cc6a2554538f	present	full-body	apps
apps/api/test/executions/redis-run-event-publisher.test.ts	ebec7ddf7881c7038f6ca40de92494577f737049	ebec7ddf7881c7038f6ca40de92494577f737049	present	full-body	apps
apps/api/test/executions/redis-run-event-source.test.ts	0b8f7a6dacd82b1268b2c25dad1bf3fed17bcf17	0b8f7a6dacd82b1268b2c25dad1bf3fed17bcf17	present	full-body	apps
apps/api/test/executions/run-event-stream.integration.test.ts	61700614c20624fb73174d5d04ee687d94b24eaa	61700614c20624fb73174d5d04ee687d94b24eaa	present	full-body	apps
apps/api/test/executions/run-event-stream.resilience.integration.test.ts	20930394e635d78e67282465999c155d5074c8a3	20930394e635d78e67282465999c155d5074c8a3	present	full-body	apps
apps/api/test/executions/run-event-stream.test.ts	4c737a6eb8b2c68708eec170b8a7baa6d54ff22f	4c737a6eb8b2c68708eec170b8a7baa6d54ff22f	present	full-body	apps
apps/api/test/feature-import-boundaries.test.ts	23ae45b713788746679f5049b5cb56768cf15a09	23ae45b713788746679f5049b5cb56768cf15a09	present	full-body	apps
apps/api/test/http/problem-details.filter.test.ts	fe2068645fdb23e2789220fa8ad5b2f925e468a9	fe2068645fdb23e2789220fa8ad5b2f925e468a9	present	full-body	apps
apps/api/test/http/request-context.test.ts	0ad905d8445c1f2db1cf3981e8415427523a0683	0ad905d8445c1f2db1cf3981e8415427523a0683	present	full-body	apps
apps/api/test/http/request-headers.test.ts	f5d503accadfab355f93e79879002dd663babd52	f5d503accadfab355f93e79879002dd663babd52	present	full-body	apps
apps/api/test/identity-infrastructure/identity-runtime.test.ts	8555ba4e8e1a74ddafeae595476adf380ee1730f	8555ba4e8e1a74ddafeae595476adf380ee1730f	present	full-body	apps
apps/api/test/identity-infrastructure/oidc-adapter.test.ts	c0d295714e1fceef4b8914aee152f487af3ce1be	c0d295714e1fceef4b8914aee152f487af3ce1be	present	full-body	apps
apps/api/test/identity-infrastructure/oidc-secret-encryption.test.ts	5a89ce7ace759aa8baeddfa28fecadc1ffbaff66	18b310c6f5a08e3bb00527332469ca31dedfd672	present	full-body	apps
apps/api/test/identity-workspace/contracts.test.ts	e8a902b01d624121b84fcedb53a17931a5dd719a	e8a902b01d624121b84fcedb53a17931a5dd719a	present	full-body	apps
apps/api/test/identity-workspace/controllers.test.ts	a1274127aad5321df7eeb651b43f759ba68f9085	a1274127aad5321df7eeb651b43f759ba68f9085	present	full-body	apps
apps/api/test/identity-workspace/database-adapter.test.ts	d7591f6394266ab2fbe37d57577be7126e114bac	d7591f6394266ab2fbe37d57577be7126e114bac	present	full-body	apps
apps/api/test/identity-workspace/errors.test.ts	1cb7700f49e5e03337b65b94d396063dc984b6ad	1cb7700f49e5e03337b65b94d396063dc984b6ad	present	full-body	apps
apps/api/test/identity-workspace/guard-resolution.test.ts	f63c38d32fc50bc738617dac955342fc3374c676	f63c38d32fc50bc738617dac955342fc3374c676	present	full-body	apps
apps/api/test/identity-workspace/guards-request-context.test.ts	38d8decea1599c8951b5716c81edf344844cc47e	38d8decea1599c8951b5716c81edf344844cc47e	present	full-body	apps
apps/api/test/identity-workspace/nest-module.test.ts	52429fb987914cc0570fe0f703d90102d4aae19c	52429fb987914cc0570fe0f703d90102d4aae19c	present	full-body	apps
apps/api/test/identity-workspace/real-api.integration.test.ts	23e4cae555e2659f991f30615b3a3f1976f99fe0	23e4cae555e2659f991f30615b3a3f1976f99fe0	present	full-body	apps
apps/api/test/identity-workspace/request-identifiers.test.ts	83f277c9c196ec989ee86292c052ea85d1301d06	83f277c9c196ec989ee86292c052ea85d1301d06	present	full-body	apps
apps/api/test/identity-workspace/telemetry.test.ts	7543942fb4792d9063bcb787e50e29fdbb080599	7543942fb4792d9063bcb787e50e29fdbb080599	present	full-body	apps
apps/api/test/identity-workspace/use-cases.test.ts	6dad26ed70473cb429053d3ef24cf8d42a0d1e14	6dad26ed70473cb429053d3ef24cf8d42a0d1e14	present	full-body	apps
apps/api/test/identity/oidc.test.ts	9d117c4e0b86651b9e855da0706e71782665ddcf	233dcb394b9216e49ed727e0695a20f4ab4c454c	present	full-body	apps
apps/api/test/identity/session.test.ts	bd3b29e97f04bb641dd7dd2698512e66943a1181	bd3b29e97f04bb641dd7dd2698512e66943a1181	present	full-body	apps
apps/api/test/node-testing/controller.test.ts	492dca2adb7f5a84c5f29492086d1289d628635b	492dca2adb7f5a84c5f29492086d1289d628635b	present	full-body	apps
apps/api/test/node-testing/errors.test.ts	335a8f67373a3ee081a1e3c58fd24d9e5cff7514	335a8f67373a3ee081a1e3c58fd24d9e5cff7514	present	full-body	apps
apps/api/test/node-testing/module.test.ts	26cda0b095a6542f9200423878713457c74692ce	26cda0b095a6542f9200423878713457c74692ce	present	full-body	apps
apps/api/test/node-testing/use-case.test.ts	45fe6a010c61e260b5e424dbdc88656390236598	0d87cb73d2c9dab7e4678b0a2de7a3801b66dee5	present	full-body	apps
apps/api/test/node-testing/validation.test.ts	47a42a473e3553303bdfc7d3340a5a56246d54bd	47a42a473e3553303bdfc7d3340a5a56246d54bd	present	full-body	apps
apps/api/test/platform/compatibility-rollout.integration.test.ts	7528758a0e94c4bbdc44c2b005efe203f30938b8	7528758a0e94c4bbdc44c2b005efe203f30938b8	present	full-body	apps
apps/api/test/platform/http/request-operation-signal.test.ts	2ed7eec820f073447eff4dd4c6c243017e4e981e	2ed7eec820f073447eff4dd4c6c243017e4e981e	present	full-body	apps
apps/api/test/platform/observability/api-metrics.test.ts	14bbd61699e23597be9534cd1771b868cc497511	14bbd61699e23597be9534cd1771b868cc497511	present	full-body	apps
apps/api/test/platform/observability/sse-visibility-load.test.ts	42db2acafb4996adf321ac51a5b8c3c8aa75f907		deleted	full-body	apps
apps/api/test/platform/observability/sse-visibility-metrics.test.ts	535f5dc16483a8a05eec912436153c836ec1994b	82b99186f6e37664c9507db41eaec2ff37884772	present	full-body	apps
apps/api/test/rate-limit/distributed-rate-limiter.integration.test.ts	0e0d4ae762a31851236c8f7d0425e31ae348bf1e	0e0d4ae762a31851236c8f7d0425e31ae348bf1e	present	full-body	apps
apps/api/test/rate-limit/interceptor.test.ts	2597248a28eeb88be54d9ed212b17ea893bc6596	2597248a28eeb88be54d9ed212b17ea893bc6596	present	full-body	apps
apps/api/test/rate-limit/multidimensional-rate-limiter.integration.test.ts	2a838121e14a541df0734c6db062a1c461850596	2a838121e14a541df0734c6db062a1c461850596	present	full-body	apps
apps/api/test/rate-limit/rate-limit.module.test.ts	56b4d4aec079cbeb8ced440b0e10a24e963a9e6b	56b4d4aec079cbeb8ced440b0e10a24e963a9e6b	present	full-body	apps
apps/api/test/rate-limit/route-classification.test.ts	db24e0e8017c1e38562e89dfd0f18ed546777f25	db24e0e8017c1e38562e89dfd0f18ed546777f25	present	full-body	apps
apps/api/test/rate-limit/trusted-proxy.test.ts	9f0273d755bd7ca2e2ce0e62bbe864002e23da88	9f0273d755bd7ca2e2ce0e62bbe864002e23da88	present	full-body	apps
apps/api/test/response-contract-types.test.ts	c4b90aedde3825a9adef1e6a251e814d7d3abc5d	c4b90aedde3825a9adef1e6a251e814d7d3abc5d	present	full-body	apps
apps/api/test/schedules/service.test.ts	db4c896a0899a4ac2eebf27dcbea057914474a99	db4c896a0899a4ac2eebf27dcbea057914474a99	present	full-body	apps
apps/api/test/support/api-platform.fixture.ts	a9edd3a2dcb384d4bab7cdc381fd8b4cb394ec49	a9edd3a2dcb384d4bab7cdc381fd8b4cb394ec49	present	full-body	apps
apps/api/test/support/artifact-transfer.integration.support.ts	e06d3046cfbb8804cdbd79093865c2499de93ae4	e06d3046cfbb8804cdbd79093865c2499de93ae4	present	full-body	apps
apps/api/test/support/disposable-database.ts	2f3fd9ef73c0cb88c92c4bf3ff2ba3cde021fbb1	2f3fd9ef73c0cb88c92c4bf3ff2ba3cde021fbb1	present	full-body	apps
apps/api/test/support/integration-gate.test.ts	9db056d9195c45b8af28c7c57e60855d696b50bc	9db056d9195c45b8af28c7c57e60855d696b50bc	present	full-body	apps
apps/api/test/support/integration-gate.ts	96ac9a4dd2cb2c68d9bec80eaead65a8e467143b	96ac9a4dd2cb2c68d9bec80eaead65a8e467143b	present	full-body	apps
apps/api/test/support/real-oidc-http.fixture.ts	acc137e8ecb0969b32570f49059520a35f7cf2fd	acc137e8ecb0969b32570f49059520a35f7cf2fd	present	full-body	apps
apps/api/test/support/workflow-lifecycle.integration.support.ts	7f038c7d56c90019e5afbce41b8ceb1702a34441	7f038c7d56c90019e5afbce41b8ceb1702a34441	present	full-body	apps
apps/api/test/webhooks/direct-webhook.integration.test.ts	157a446a2363d4f00874afc47e7fc7dac758139f	157a446a2363d4f00874afc47e7fc7dac758139f	present	full-body	apps
apps/api/test/webhooks/ingress.test.ts	1f93f4bd709e971fd6d905a32b33ffc940a4783c	1f93f4bd709e971fd6d905a32b33ffc940a4783c	present	full-body	apps
apps/api/test/webhooks/service.test.ts	3f739f30842fba3ac16ccefc615abae46d78e970	3f739f30842fba3ac16ccefc615abae46d78e970	present	full-body	apps
apps/api/test/webhooks/telemetry.test.ts	564b0a1c87705cef522c67eb930f13357b0aac57	564b0a1c87705cef522c67eb930f13357b0aac57	present	full-body	apps
apps/api/test/workflow-authoring/controllers.test.ts	a177e22ac46fac5e6c4636c9cdba839e6d0d56ab	a177e22ac46fac5e6c4636c9cdba839e6d0d56ab	present	full-body	apps
apps/api/test/workflow-authoring/errors.test.ts	b9a5cd4a4f42feb25c7c9496fc2833d62adbc644	be34c931aaab33b3ae512e1642c6a7a3af4dfdb3	present	full-body	apps
apps/api/test/workflow-authoring/etag.test.ts	44b2c18b4ec6dd71de4a239f95fc7f860d5f8a7c	44b2c18b4ec6dd71de4a239f95fc7f860d5f8a7c	present	full-body	apps
apps/api/test/workflow-authoring/graph.test.ts	a6f115527561a21be66044e0a55969e14f2641f1	641460b72da67cf2619f5f0537119b1719b0d543	present	full-body	apps
apps/api/test/workflow-authoring/lifecycle.integration.test.ts	3a78f5eb92d86981988ad1ba38b4af629f43781d	3a78f5eb92d86981988ad1ba38b4af629f43781d	present	full-body	apps
apps/api/test/workflow-authoring/module.test.ts	4ee6bdebe42ba43cc072721dffffa99c1a15f72b	109b5794ad1d2834eee49adbeb1e497427aa36b4	present	full-body	apps
apps/api/test/workflow-authoring/preconditions.test.ts	296f3f7b08fab46bece5aaf38ed991809437aa24	296f3f7b08fab46bece5aaf38ed991809437aa24	present	full-body	apps
apps/api/test/workflow-authoring/telemetry.test.ts	349bf03b1c0bf6481d710e185b83ae6931ea5be8	5d653a7a42595bd0225649531f4ed6492abc55a1	present	full-body	apps
apps/api/test/workflow-authoring/use-cases.test.ts	205b1f31646bd1a4ad151512ab5ce9831599064b	205b1f31646bd1a4ad151512ab5ce9831599064b	present	full-body	apps
apps/api/test/workflow-authoring/version-restore.integration.test.ts	6c8c125c75c8fa203838c64aa0fbdaca4abb20a4	6c8c125c75c8fa203838c64aa0fbdaca4abb20a4	present	full-body	apps
apps/api/test/workflow-runs/controllers.test.ts	5f04e5d07334de8cf58b56391fa5d67f249ae072	5f04e5d07334de8cf58b56391fa5d67f249ae072	present	full-body	apps
apps/api/test/workflow-runs/event-streamer.test.ts	fa99014e65e261def801afe3c5a755f055a27262	fa99014e65e261def801afe3c5a755f055a27262	present	full-body	apps
apps/api/test/workflow-runs/module.test.ts	c2b3040336b499bcf77c3680eca6e6654062f104	7275d84ab208649b99657812cb72032a01149b7c	present	full-body	apps
apps/api/test/workflow-runs/postgres-persistence.test.ts	0cfa82e432d60d092a5fed5d55e44e7b84d28ea4	0cfa82e432d60d092a5fed5d55e44e7b84d28ea4	present	full-body	apps
apps/api/test/workflow-runs/use-cases.test.ts	ca83afca4e535755ad8f0810bb503f1e64a0ab51	ca83afca4e535755ad8f0810bb503f1e64a0ab51	present	full-body	apps
apps/api/test/workspaces/artifact-policy.test.ts	d5d6cc3107de2b1d3824730b75dfa473ae132f25	d5d6cc3107de2b1d3824730b75dfa473ae132f25	present	full-body	apps
apps/api/test/workspaces/audit.test.ts	325cbe770d7ed194c48a16d45c8a4ca490973ffe	325cbe770d7ed194c48a16d45c8a4ca490973ffe	present	full-body	apps
apps/api/test/workspaces/authorization.test.ts	47b31189723f28193065e6168efcd4acb728c24f	1b15a43479073a7aebd6bf19a60d23efe0b82d94	present	full-body	apps
apps/api/tsconfig.json	449bb5b71f9cd6b112fede94dcee8295191c9d99	449bb5b71f9cd6b112fede94dcee8295191c9d99	present	full-body	apps
apps/api/tsconfig.test.json	fb3bdb7e2e97c983ef9b5de09c4050a8d23cfd6a	fb3bdb7e2e97c983ef9b5de09c4050a8d23cfd6a	present	full-body	apps
apps/api/vitest.compatibility-rollout.config.ts	d665dfc3ef4506398058f3a2f81e6578ab23c2e4	d665dfc3ef4506398058f3a2f81e6578ab23c2e4	present	full-body	apps
apps/api/vitest.config.ts	574a77a65f365a0f118c4a14686596e1109e8d2d	574a77a65f365a0f118c4a14686596e1109e8d2d	present	full-body	apps
apps/api/vitest.coverage.config.ts	cf115c2b2e7a0ac3cda6f730878c99ebe1ab9b29	cf115c2b2e7a0ac3cda6f730878c99ebe1ab9b29	present	full-body	apps
apps/api/vitest.integration.config.ts	2e369c23c9bb1e070af533e6df6a5d5300c4b665	2e369c23c9bb1e070af533e6df6a5d5300c4b665	present	full-body	apps
apps/api/vitest.sse-resilience.config.ts	0c150aee9191e0f645acb5533c517735d48b69e9	0c150aee9191e0f645acb5533c517735d48b69e9	present	full-body	apps
apps/lifecycle-command/package.json	15fafd6064fdc48ec8014bcd172817e2e88b3f25	15fafd6064fdc48ec8014bcd172817e2e88b3f25	present	full-body	apps
apps/lifecycle-command/src/config.ts	2fd5eb8a46b2d02e18faaf24a0c315cf0a880651	2fd5eb8a46b2d02e18faaf24a0c315cf0a880651	present	full-body	apps
apps/lifecycle-command/src/main.ts	8aa6a2f6bce8ddafc12afaec95a88d6a05ac5e41	8aa6a2f6bce8ddafc12afaec95a88d6a05ac5e41	present	full-body	apps
apps/lifecycle-command/src/readiness-marker.ts	291cfa871f0a44d207992172a97ea7d0cd5bbef9	291cfa871f0a44d207992172a97ea7d0cd5bbef9	present	full-body	apps
apps/lifecycle-command/src/run.ts	f9a0c1af4e6a768bc68e78ec62ebef60a6840e63	f9a0c1af4e6a768bc68e78ec62ebef60a6840e63	present	full-body	apps
apps/lifecycle-command/test/config.test.ts	0d3144826d77beac5deb7f724ef579ea152f9898	0d3144826d77beac5deb7f724ef579ea152f9898	present	full-body	apps
apps/lifecycle-command/test/coverage-config.test.ts	63d9e707826107ff3ee8765ebd88ab0acdb2dae5	02f5e57738094382c39123b6c28a97742bc3bb0b	present	full-body	apps
apps/lifecycle-command/test/lifecycle-command-process.fixture.mjs	c5266f2ff6a9038e40965498b549e88d20ace268	c5266f2ff6a9038e40965498b549e88d20ace268	present	full-body	apps
apps/lifecycle-command/test/main.test.ts	65572290c193b2179a2cb936578d45da147f5eb2	65572290c193b2179a2cb936578d45da147f5eb2	present	full-body	apps
apps/lifecycle-command/test/process-lifecycle.test.ts	381b95505bbfe7633fe4b63cef5709818dd44ec7	381b95505bbfe7633fe4b63cef5709818dd44ec7	present	full-body	apps
apps/lifecycle-command/test/readiness-marker.test.ts	407a7d8e466277adfb2635e94fb707d44c34c2b1	407a7d8e466277adfb2635e94fb707d44c34c2b1	present	full-body	apps
apps/lifecycle-command/test/run.test.ts	6a18048d1e6c080e2c9692f2e50d914362490c15	6a18048d1e6c080e2c9692f2e50d914362490c15	present	full-body	apps
apps/lifecycle-command/tsconfig.json	5ac6412910fe335c6bbcdb9cf0daf1850cb23fa8	5ac6412910fe335c6bbcdb9cf0daf1850cb23fa8	present	full-body	apps
apps/lifecycle-command/tsconfig.test.json	babad2d17cd0d3ba33fe8647f388281f949d3efd	babad2d17cd0d3ba33fe8647f388281f949d3efd	present	full-body	apps
apps/lifecycle-command/vitest.config.ts	55e294c4b274539273c26ce19baa7be8d02040c0	55e294c4b274539273c26ce19baa7be8d02040c0	present	full-body	apps
apps/lifecycle-command/vitest.coverage.config.ts	60346fdd70536535834fe2d586ef8b8c36a943e1	38479fd4729b3ea1ff019a0d694e7a71fda7f88c	present	full-body	apps
apps/operator-command/package.json	01c800a66c4a14ffb2f7c0babffe8c47e0032adb	01c800a66c4a14ffb2f7c0babffe8c47e0032adb	present	full-body	apps
apps/operator-command/src/config.ts	c464c04ebef270e8bf036f2da7f1df60695dabcb	bd5ae990d2aeef33c8c369698996ed5dd7c37a61	present	full-body	apps
apps/operator-command/src/main.ts	f3ed6379888b123e1661f0b03606b0d0ab308e6b	f3ed6379888b123e1661f0b03606b0d0ab308e6b	present	full-body	apps
apps/operator-command/src/run.ts	1d7443891cd1719e19c476f2b6bd10290c5b715e	286e2dbd8779b870be61696c3e124914302523be	present	full-body	apps
apps/operator-command/test/config.test.ts	4734e7038d6e4548828568f35443ed5869892f57	4734e7038d6e4548828568f35443ed5869892f57	present	full-body	apps
apps/operator-command/test/run.test.ts	3f8e04283bea0ccba3cce67656fb71b684032494	3f8e04283bea0ccba3cce67656fb71b684032494	present	full-body	apps
apps/operator-command/tsconfig.json	fcb0f1fb97cbe109bfe142db92442441e78bfdf2	fcb0f1fb97cbe109bfe142db92442441e78bfdf2	present	full-body	apps
apps/operator-command/tsconfig.test.json	cc195fb82bcf63561eb1500133ccda9c4c0d1e7b	cc195fb82bcf63561eb1500133ccda9c4c0d1e7b	present	full-body	apps
apps/operator-command/vitest.config.ts	55e294c4b274539273c26ce19baa7be8d02040c0	55e294c4b274539273c26ce19baa7be8d02040c0	present	full-body	apps
apps/recovery/package.json	e915dc205c98a155444c5d7fa4c10098da4b8972	e915dc205c98a155444c5d7fa4c10098da4b8972	present	full-body	apps
apps/recovery/src/config.ts	c39a732cc7bcd9c160a79b113df09b77222c9dd3	c39a732cc7bcd9c160a79b113df09b77222c9dd3	present	full-body	apps
apps/recovery/src/main.ts	0af355428af2091714e9d34e9e7b91316558e005	0af355428af2091714e9d34e9e7b91316558e005	present	full-body	apps
apps/recovery/src/restore-before-serve.ts	b5eea8337bbc9d344340eda2c0068bb678216d2e	b5eea8337bbc9d344340eda2c0068bb678216d2e	present	full-body	apps
apps/recovery/test/config.test.ts	cabbdd3ad54c446ba6b300fd5500c6b79608a27f	cabbdd3ad54c446ba6b300fd5500c6b79608a27f	present	full-body	apps
apps/recovery/test/restore-before-serve.test.ts	95c51b1e8c2a6d9bc26d03f6f661765a375be096	95c51b1e8c2a6d9bc26d03f6f661765a375be096	present	full-body	apps
apps/recovery/tsconfig.json	5ac6412910fe335c6bbcdb9cf0daf1850cb23fa8	5ac6412910fe335c6bbcdb9cf0daf1850cb23fa8	present	full-body	apps
apps/recovery/tsconfig.test.json	cc195fb82bcf63561eb1500133ccda9c4c0d1e7b	cc195fb82bcf63561eb1500133ccda9c4c0d1e7b	present	full-body	apps
apps/recovery/vitest.config.ts	55e294c4b274539273c26ce19baa7be8d02040c0	55e294c4b274539273c26ce19baa7be8d02040c0	present	full-body	apps
apps/retention/package.json	d72d922533f692e215dac73fad67b286d35f0a06	d72d922533f692e215dac73fad67b286d35f0a06	present	full-body	apps
apps/retention/src/config.ts	ee8a6bc08ffcbef59752fd2cfed3c19995472d51	ee8a6bc08ffcbef59752fd2cfed3c19995472d51	present	full-body	apps
apps/retention/src/main.ts	8ff3d094ff737d2aa5164761015293c611354fe9	8ff3d094ff737d2aa5164761015293c611354fe9	present	full-body	apps
apps/retention/src/maintenance-loops.ts	b5dd225aa89509c97650832214ef2cba85adc0f1	b5dd225aa89509c97650832214ef2cba85adc0f1	present	full-body	apps
apps/retention/src/metrics.ts	bc5dcb9dfcee028136b561e73a4d948c28e8a738	bc5dcb9dfcee028136b561e73a4d948c28e8a738	present	full-body	apps
apps/retention/src/run.ts	c8083ec60e8c474c1038c6f2df535b2b3251e917	c8083ec60e8c474c1038c6f2df535b2b3251e917	present	full-body	apps
apps/retention/test/config.test.ts	d5142bf88499a0d0a6955968697ff428a41c9189	d5142bf88499a0d0a6955968697ff428a41c9189	present	full-body	apps
apps/retention/test/metrics.test.ts	ccb3e1a723fdd321bec866a18606e368b24a7d34	ccb3e1a723fdd321bec866a18606e368b24a7d34	present	full-body	apps
apps/retention/test/run.test.ts	04a73bbc96346bd615c24ab1f0bc01e9d29a5256	04a73bbc96346bd615c24ab1f0bc01e9d29a5256	present	full-body	apps
apps/retention/tsconfig.json	5ac6412910fe335c6bbcdb9cf0daf1850cb23fa8	5ac6412910fe335c6bbcdb9cf0daf1850cb23fa8	present	full-body	apps
apps/retention/tsconfig.test.json	cc195fb82bcf63561eb1500133ccda9c4c0d1e7b	cc195fb82bcf63561eb1500133ccda9c4c0d1e7b	present	full-body	apps
apps/retention/vitest.config.ts	55e294c4b274539273c26ce19baa7be8d02040c0	55e294c4b274539273c26ce19baa7be8d02040c0	present	full-body	apps
apps/worker/package.json	8066e48d3041ee2a66f43a219a70123a1f128ce1	8066e48d3041ee2a66f43a219a70123a1f128ce1	present	full-body	primary
apps/worker/src/app.ts	841b71a94c1416a3acf6194971318695966f471d	841b71a94c1416a3acf6194971318695966f471d	present	full-body	primary
apps/worker/src/config/worker-config.ts	4a1872b5c9b3baed849927d91cb18ba72dbccd49	4a1872b5c9b3baed849927d91cb18ba72dbccd49	present	full-body	primary
apps/worker/src/execution/coordinator-engine.ts	e445f0e41c061e68de324dbcbf060c9f59bab5ab	e445f0e41c061e68de324dbcbf060c9f59bab5ab	present	full-body	primary
apps/worker/src/execution/coordinator-handler.ts	1535e540e1a130e69dfba54253b55f68decadb92	1535e540e1a130e69dfba54253b55f68decadb92	present	full-body	primary
apps/worker/src/execution/coordinator-runtime.ts	6eb2943cd3b06651448720038403014f6b24cc60	6eb2943cd3b06651448720038403014f6b24cc60	present	full-body	primary
apps/worker/src/execution/coordinator-telemetry.ts	ab54398ac8f6dfe71f2827cd3f39eadf46d2a593	ab54398ac8f6dfe71f2827cd3f39eadf46d2a593	present	full-body	primary
apps/worker/src/execution/core-definition-identities.ts	af0cbd3dd69a5bc91ac2c8ffaec8750df69deed8	af0cbd3dd69a5bc91ac2c8ffaec8750df69deed8	present	full-body	primary
apps/worker/src/execution/email-provider-telemetry.ts	cd79f0f6a14912a5d570c3d277273b45f5ae7e29	cd79f0f6a14912a5d570c3d277273b45f5ae7e29	present	full-body	primary
apps/worker/src/execution/failure-notification-delivery.ts	23b9e201f17a7f982ca496f69ba006b4e1edd000	23b9e201f17a7f982ca496f69ba006b4e1edd000	present	full-body	primary
apps/worker/src/execution/failure-notification-handler.ts	2702737a7f477ac68600a090434557f41dcfcbb1	2702737a7f477ac68600a090434557f41dcfcbb1	present	full-body	primary
apps/worker/src/execution/http-provider-telemetry.ts	0601fbd9ac16e4cad9c7d740df82da3c607e20b7	0601fbd9ac16e4cad9c7d740df82da3c607e20b7	present	full-body	primary
apps/worker/src/execution/node-attempt-engine.ts	938b7ee16005eb84a73e26b96a8f942d1105f511	938b7ee16005eb84a73e26b96a8f942d1105f511	present	full-body	primary
apps/worker/src/execution/node-attempt-handler.ts	84c07241eef91c574f50f17490e3942ededb8ecf	84c07241eef91c574f50f17490e3942ededb8ecf	present	full-body	primary
apps/worker/src/execution/node-attempt-runtime.ts	50418e8567985848df5c1ab300a2b4215f8357e3	50418e8567985848df5c1ab300a2b4215f8357e3	present	full-body	primary
apps/worker/src/execution/node-runtime-capabilities.ts	ec2369be09fb7141706a36c327b3e75d83e30606	ec2369be09fb7141706a36c327b3e75d83e30606	present	full-body	primary
apps/worker/src/execution/operator-run-replay-runtime.ts	59f6d68c2afe013f446fcd61f0585613d98bd28a	59f6d68c2afe013f446fcd61f0585613d98bd28a	present	full-body	primary
apps/worker/src/execution/preview-attempt-handler.ts	26a16e054be84a0ee931af8e2b501a57e46c769d	85689d483a44db2e386e2b151fec3f60dc39beee	present	full-body	primary
apps/worker/src/execution/preview-attempt-runtime.ts	95ce10c7c57ccbf59da4bd510c096031d1d59273	54ffdab59a5c67b526a2b672902f6ca302f23086	present	full-body	primary
apps/worker/src/execution/preview-maintenance-runtime.ts	81bb0148a531f47f08faf1730bcfc6865f68df45	81bb0148a531f47f08faf1730bcfc6865f68df45	present	full-body	primary
apps/worker/src/execution/preview-reconciliation-runtime.ts	69ec21034955d336322fed21ed392c98f478cba7	69ec21034955d336322fed21ed392c98f478cba7	present	full-body	primary
apps/worker/src/execution/preview-telemetry.ts	15436556fd374f912701d94af90dd0bbc66ab991	15436556fd374f912701d94af90dd0bbc66ab991	present	full-body	primary
apps/worker/src/execution/provider-telemetry.ts	94fb1e1ee3e40c5fd4f173b4288c2edf789b5d3d	94fb1e1ee3e40c5fd4f173b4288c2edf789b5d3d	present	full-body	primary
apps/worker/src/execution/slack-provider-telemetry.ts	a2a28f45efdf0615475b53e53e923d20c1f3e7a9	a2a28f45efdf0615475b53e53e923d20c1f3e7a9	present	full-body	primary
apps/worker/src/execution/unknown-outcome-reconciliation-runtime.ts	977464b34929f99b9a1f30df6e769e630d355c4f	977464b34929f99b9a1f30df6e769e630d355c4f	present	full-body	primary
apps/worker/src/main.ts	22b3e2f7856e6b1f9d7cdd84c36bbe1012b6428f	22b3e2f7856e6b1f9d7cdd84c36bbe1012b6428f	present	full-body	primary
apps/worker/src/platform/database/database.module.ts	195e2bacbc81df86832a4463390f2780387771e8	195e2bacbc81df86832a4463390f2780387771e8	present	full-body	primary
apps/worker/src/platform/observability/observability.module.ts	ba2217a45a2c6aa7d0ba3f2593b5bcfc0a9521b9	ba2217a45a2c6aa7d0ba3f2593b5bcfc0a9521b9	present	full-body	primary
apps/worker/src/runtime/abortable-delay.ts	a80ced1449d3e48c18a3ab20a255b08bd23de1cf	a80ced1449d3e48c18a3ab20a255b08bd23de1cf	present	full-body	primary
apps/worker/src/runtime/artifact-metrics.ts	1a35e209c79f02a4f24cce1a1f128e86ac4a5cfa	1a35e209c79f02a4f24cce1a1f128e86ac4a5cfa	present	full-body	primary
apps/worker/src/runtime/worker-drain-state.ts	34efacf7b7f310e2dbfce37e3d6ca8fd61687e68	34efacf7b7f310e2dbfce37e3d6ca8fd61687e68	present	full-body	primary
apps/worker/src/runtime/worker-process-keepalive.ts	229d0d17aa856a0b4d0838a221eb147f2ed8b763	229d0d17aa856a0b4d0838a221eb147f2ed8b763	present	full-body	primary
apps/worker/src/runtime/worker-process-shutdown.ts	61bbadbc70c76275bf87e2e866010c5b49f37ba1	61bbadbc70c76275bf87e2e866010c5b49f37ba1	present	full-body	primary
apps/worker/src/runtime/worker-readiness-monitor.ts	78a55e01522fe561adc71c3f60043bd1f296b884	78a55e01522fe561adc71c3f60043bd1f296b884	present	full-body	primary
apps/worker/src/runtime/worker-readiness.ts	245d70270d4a705e0930d5f041b3cd60cac9d2de	245d70270d4a705e0930d5f041b3cd60cac9d2de	present	full-body	primary
apps/worker/src/runtime/worker-resource-monitor.ts	dc3f1563d5319b59fe61c469c8ea2d44cdf8bb12	dc3f1563d5319b59fe61c469c8ea2d44cdf8bb12	present	full-body	primary
apps/worker/src/testing.ts	337b7d1f8a2228b1ce83e666348d447510152018	337b7d1f8a2228b1ce83e666348d447510152018	present	full-body	primary
apps/worker/src/transport/coordinator-runtime-provider.ts	6a44da2d4083ffe926894ae5f97e103877433dde	6a44da2d4083ffe926894ae5f97e103877433dde	present	full-body	primary
apps/worker/src/transport/dispatch-consumer-capabilities.ts	04e99afdfc8df0127db17289e5863b718270db98	04e99afdfc8df0127db17289e5863b718270db98	present	full-body	primary
apps/worker/src/transport/dispatch-providers.ts	6dc14a9d06220b1055a20d210375cd39d2adb62a	6dc14a9d06220b1055a20d210375cd39d2adb62a	present	full-body	primary
apps/worker/src/transport/node-attempt-runtime-provider.ts	d1d1af92b0a82c5329e97a9d081975ad6b0b03da	d1d1af92b0a82c5329e97a9d081975ad6b0b03da	present	full-body	primary
apps/worker/src/transport/outbox-dispatcher.ts	f41869742e5611bdd2caf7f5c984c587171adf66	44eb32dd6e05724a72f880f170484829727d2f1f	present	full-body	primary
apps/worker/src/transport/outbox-publication-settlements.ts	0fc4fe877c28e9115f5c8f1fb02058d2c06284af	0fc4fe877c28e9115f5c8f1fb02058d2c06284af	present	full-body	primary
apps/worker/src/transport/preview-maintenance-runtime-provider.ts	f117070b3b197ae1f6aa673ace1f579877a62f7d	f117070b3b197ae1f6aa673ace1f579877a62f7d	present	full-body	primary
apps/worker/src/transport/transport-job.ts	500c7cbf5180c7b26d64985aded673992f4a2063	500c7cbf5180c7b26d64985aded673992f4a2063	present	full-body	primary
apps/worker/src/transport/transport-lifecycle.ts	149e83652abef193a10e212e4c460a7b7fa1c6b9	149e83652abef193a10e212e4c460a7b7fa1c6b9	present	full-body	primary
apps/worker/src/transport/transport-metrics-adapter.ts	d63b4d56ab88578541a731d329ea160c87924189	d63b4d56ab88578541a731d329ea160c87924189	present	full-body	primary
apps/worker/src/transport/transport-operation-deadline.ts	5996405c88ba30d969336ee03372873ab4c2cd47	5996405c88ba30d969336ee03372873ab4c2cd47	present	full-body	primary
apps/worker/src/transport/transport-tokens.ts	24d72d1db3815458d61a4f26fdd578b4a1809ec0	24d72d1db3815458d61a4f26fdd578b4a1809ec0	present	full-body	primary
apps/worker/src/transport/transport.module.ts	38deb9b227f634de037d5f9e778259cfee0594c4	38deb9b227f634de037d5f9e778259cfee0594c4	present	full-body	primary
apps/worker/src/transport/trigger-runtime-provider.ts	b5705be70e607973b3cecd13c243b503960b48a4	b5705be70e607973b3cecd13c243b503960b48a4	present	full-body	primary
apps/worker/src/triggers/trigger-handler.ts	777d63213db880506c22e7ee0f08db7ae9b7dfa7	777d63213db880506c22e7ee0f08db7ae9b7dfa7	present	full-body	primary
apps/worker/src/triggers/trigger-runtime.ts	234ab7340f92ad384e71ecbfb3e10bf6606ec0b5	234ab7340f92ad384e71ecbfb3e10bf6606ec0b5	present	full-body	primary
apps/worker/src/triggers/trigger-telemetry.ts	ea035ab6935c59720b7d5887150d1317331db35f	ea035ab6935c59720b7d5887150d1317331db35f	present	full-body	primary
apps/worker/src/worker.module.ts	b15a22703eb84b6696a6957cf40a99d1f5327ff2	b15a22703eb84b6696a6957cf40a99d1f5327ff2	present	full-body	primary
apps/worker/test/abortable-delay.test.ts	58764f10b00b63040795a47eaa67bc3b4792613a	58764f10b00b63040795a47eaa67bc3b4792613a	present	full-body	primary
apps/worker/test/artifact-reference.integration.test.ts	dff56b3e258b8f83e7641f4ada6e3a5c999f17ca	dff56b3e258b8f83e7641f4ada6e3a5c999f17ca	present	full-body	primary
apps/worker/test/compatibility-rollout.test.ts	b6dfa6b19c43a670f09a7bbfbb979a410dacf41b	6c2726694e3743e9a173356898ff64029c15868b	present	full-body	primary
apps/worker/test/compose-service-control.test.ts	283e676865cb03d2b12e08f49a5e33d72431ab6b	283e676865cb03d2b12e08f49a5e33d72431ab6b	present	full-body	primary
apps/worker/test/coordinator-consumer-failure-notification.integration.test.ts	9328fd0b0b54b2124a3effa6bfc407374acc6b16	9328fd0b0b54b2124a3effa6bfc407374acc6b16	present	full-body	primary
apps/worker/test/coordinator-consumer-foreach-cancellation.integration.test.ts	931e164d9b59a823593fbc891af398c4dd3ee22a	897141a2616ec55c67fce2f456065c2ee457aef8	present	full-body	primary
apps/worker/test/coordinator-consumer-identity-mismatch.integration.test.ts	2b8879ed691fb349c7f18628292b50cb5060c868	2b8879ed691fb349c7f18628292b50cb5060c868	present	full-body	primary
apps/worker/test/coordinator-consumer-linear-execution.integration.test.ts	a573e0001a767d383c73256106e267cb576fd2d4	a573e0001a767d383c73256106e267cb576fd2d4	present	full-body	primary
apps/worker/test/coordinator-consumer-parallel-recovery.integration.test.ts	3fb39853a7e19537198918f49029161948df2be3	3fb39853a7e19537198918f49029161948df2be3	present	full-body	primary
apps/worker/test/coordinator-consumer-redelivery.integration.test.ts	a0cf64deb7225a22306aa76ad70041c7978ff7cf	a0cf64deb7225a22306aa76ad70041c7978ff7cf	present	full-body	primary
apps/worker/test/coordinator-consumer-retry-wait.integration.test.ts	4dfe4018b28633dc91130b989158e9d7ee60304e	4dfe4018b28633dc91130b989158e9d7ee60304e	present	full-body	primary
apps/worker/test/coordinator-consumer.fixtures.ts	c8fdd6d1c6da5463f5a7ed5121ed9c6b6ce5d1c6	c8fdd6d1c6da5463f5a7ed5121ed9c6b6ce5d1c6	present	full-body	primary
apps/worker/test/coordinator-engine.test.ts	c5449ef0e198acce7a8587151b83ce94001821b6	c5449ef0e198acce7a8587151b83ce94001821b6	present	full-body	primary
apps/worker/test/coordinator-handler.test.ts	148ff2eb7e56549d5902393aeb2932f062d5472e	148ff2eb7e56549d5902393aeb2932f062d5472e	present	full-body	primary
apps/worker/test/coordinator-runtime.test.ts	5f4b9df1bdaa506937586749016defb17c8c7197	5f4b9df1bdaa506937586749016defb17c8c7197	present	full-body	primary
apps/worker/test/coordinator-telemetry.test.ts	a429fea64554a55eb2000f093d1e59294d26f6a1	a429fea64554a55eb2000f093d1e59294d26f6a1	present	full-body	primary
apps/worker/test/email-provider-telemetry.test.ts	0d81cb16011bc2595419e0e12c576ed43bd2e1a3	0d81cb16011bc2595419e0e12c576ed43bd2e1a3	present	full-body	primary
apps/worker/test/failure-notification-delivery.test.ts	134d70c531246fbf8a98820cb00e42d8e581606c	134d70c531246fbf8a98820cb00e42d8e581606c	present	full-body	primary
apps/worker/test/failure-notification-handler.test.ts	150d8ec37a7af6ea8c0fbb659c770418a6d1e409	150d8ec37a7af6ea8c0fbb659c770418a6d1e409	present	full-body	primary
apps/worker/test/fixtures/retained-core-workflow-v2.json	9d9fde7f50d2b4f01fc2e89dbebdbd02cd96b8de	9d9fde7f50d2b4f01fc2e89dbebdbd02cd96b8de	present	full-body	primary
apps/worker/test/for-each-worker-process-fixture.ts	aa57095841de434d64f2cfc631981a06d55d7a23	aa57095841de434d64f2cfc631981a06d55d7a23	present	full-body	primary
apps/worker/test/http-node-attempt.integration.test.ts	7df8f44fd5154613d30cb7eac7eb78a0463768f3	7df8f44fd5154613d30cb7eac7eb78a0463768f3	present	full-body	primary
apps/worker/test/http-provider-telemetry.test.ts	bb3067ba12c7248a6f4bfe956ca46b60c8c8160b	a96f20a1455e9985fa6fd429106631cb96d3c575	present	full-body	primary
apps/worker/test/node-attempt-engine.test.ts	8b0199219d759bbb5bed7863d88f55840c1e9d0d	8b0199219d759bbb5bed7863d88f55840c1e9d0d	present	full-body	primary
apps/worker/test/node-attempt-handler-part-2.test.ts	f6b3126923210e1006affef8a115fabcbc7148aa	f6b3126923210e1006affef8a115fabcbc7148aa	present	full-body	primary
apps/worker/test/node-attempt-handler.test.ts	708d2e5c15d3a6ab00cf03cd139ab29c5bb5f14a	708d2e5c15d3a6ab00cf03cd139ab29c5bb5f14a	present	full-body	primary
apps/worker/test/node-attempt-runtime.test.ts	ceb5d3276ef5d7305fb83db6947fecb100efb3d9	ceb5d3276ef5d7305fb83db6947fecb100efb3d9	present	full-body	primary
apps/worker/test/node-runtime-capabilities.test.ts	1b5759f196a7fc74528f2a9695ba5d7b69e3ccfc	1b5759f196a7fc74528f2a9695ba5d7b69e3ccfc	present	full-body	primary
apps/worker/test/outbox-dispatcher.test.ts	0d4a97ed96c451956f2d2a242e58fb7dc53828ef	0d4a97ed96c451956f2d2a242e58fb7dc53828ef	present	full-body	primary
apps/worker/test/preview-attempt-handler.test.ts	bb1d2a6afe195581abd95ee1c78703ab72bdc96e	bb1d2a6afe195581abd95ee1c78703ab72bdc96e	present	full-body	primary
apps/worker/test/preview-attempt-runtime.test.ts	82abd37296e7501524ead01fec102bc240a8c40f	82abd37296e7501524ead01fec102bc240a8c40f	present	full-body	primary
apps/worker/test/preview-consumer-artifact-retention.integration.test.ts	d34b426959fdcd4fcfc896cd25722d9bbec56845	0f9ad9d68d48a7694c889f679b9931a810ca7db1	present	full-body	primary
apps/worker/test/preview-consumer-crash-boundaries.integration.test.ts	7f3f2a00d3173fda04f61c6c8fd6b294e7f91b6a	b619ba67480583bcdbeca7cb5bdcb18aab031962	present	full-body	primary
apps/worker/test/preview-consumer-delivery.integration.test.ts	632548dcfe08e22eb7491e195a311beeff0c5563	a1129aca34b9a1fb9ed0e62c2b6f2862e814c338	present	full-body	primary
apps/worker/test/preview-consumer-reconciliation.integration.test.ts	6a23510e1c5999e1be3cb2fd3ac77d662bfa7602	56c560c912873c73a175fa3e30c7a15f637d1b32	present	full-body	primary
apps/worker/test/preview-consumer-sigkill-reconciliation.integration.test.ts	2351564c2d0afa475793e431fb312ce2f9e9729e	79dafdda1ddd9f46e68b9feade728efe6c77a361	present	full-body	primary
apps/worker/test/preview-reconciliation-process-fixture.mjs	f15cab3c0ab8e07991535beae99db9bb6a404ea6	f15cab3c0ab8e07991535beae99db9bb6a404ea6	present	full-body	primary
apps/worker/test/preview-reconciliation-runtime.test.ts	ef0a39133a2fa6cc41b6df72b361cf6ed5263193	ef0a39133a2fa6cc41b6df72b361cf6ed5263193	present	full-body	primary
apps/worker/test/preview-telemetry.test.ts	12197e75dcbabd754c8591f7bf23fb7e309c547e	12197e75dcbabd754c8591f7bf23fb7e309c547e	present	full-body	primary
apps/worker/test/retained-core-workflow-v2.test.ts	7ef38f45235fa2b6040c5bc67db6bb84dd210b57	7ef38f45235fa2b6040c5bc67db6bb84dd210b57	present	full-body	primary
apps/worker/test/schedule-trigger.integration.test.ts	f2b8c6db8773fb391494d4baa07db10448d38afc	f2b8c6db8773fb391494d4baa07db10448d38afc	present	full-body	primary
apps/worker/test/slack-provider-telemetry.test.ts	9f6dc6889065bb1e5078885a49ca6a331d0e5355	7951f687b7ebbc0a48871b3b37ce1ca492350998	present	full-body	primary
apps/worker/test/support/compatibility-release.fixture.ts	b9c434b9b2663590a061cacfff9ed0ed51e73264	b9c434b9b2663590a061cacfff9ed0ed51e73264	present	full-body	primary
apps/worker/test/support/compose-service-control.ts	ca0b6f26e21426c56cbd0a324db8d0cdfc1578b9	ca0b6f26e21426c56cbd0a324db8d0cdfc1578b9	present	full-body	primary
apps/worker/test/support/coordinator-dispatch-fixtures.ts	151d61bddf44bb38b48f5512b2c404d67eba8be2	151d61bddf44bb38b48f5512b2c404d67eba8be2	present	full-body	primary
apps/worker/test/support/coordinator-recovery-harness.ts	e8729584b3dbb5231c4b33f2e80702612ad61b90	e8729584b3dbb5231c4b33f2e80702612ad61b90	present	full-body	primary
apps/worker/test/support/coordinator-run-fixtures.ts	8102533b2e01c57d822de75dd6a61490ec4e2c91	8102533b2e01c57d822de75dd6a61490ec4e2c91	present	full-body	primary
apps/worker/test/support/coordinator-workflow-fixtures.ts	6af70d3f01807385a6f6a0b2ca62b3fae5394bec	6af70d3f01807385a6f6a0b2ca62b3fae5394bec	present	full-body	primary
apps/worker/test/support/disposable-database.ts	c91963334ff5f10b3a14ac66fa6f1142b44aa097	c91963334ff5f10b3a14ac66fa6f1142b44aa097	present	full-body	primary
apps/worker/test/support/execution-engine.fixture.ts	a69cd9fbbf07825dd88b4406fbbaddb4ea60fff4	a69cd9fbbf07825dd88b4406fbbaddb4ea60fff4	present	full-body	primary
apps/worker/test/support/http-node-attempt.fixture.ts	eb48aa0b4c83c99a40ac19432be8dd79095bd533	eb48aa0b4c83c99a40ac19432be8dd79095bd533	present	full-body	primary
apps/worker/test/support/http-node-attempt.runtime.ts	72a09550be433c4fdc49be74d44003ec6132b8ac	72a09550be433c4fdc49be74d44003ec6132b8ac	present	full-body	primary
apps/worker/test/support/node-attempt-handler.fixture.ts	01a59101282b527a366bdd53051b633bf3465fe4	01a59101282b527a366bdd53051b633bf3465fe4	present	full-body	primary
apps/worker/test/support/preview-consumer-crash-process.support.ts	77d94d39c9ff26e82e42d2dd594b228b87213b3c	77d94d39c9ff26e82e42d2dd594b228b87213b3c	present	full-body	primary
apps/worker/test/support/preview-consumer.integration.support.ts	1d2d2c871819678fb629e1c4f485f155c1f7d9c4	a890db9a9f38f78fcb671a78c8e7d6d135c663a1	present	full-body	primary
apps/worker/test/support/transport.integration.support.ts	a87b6cbf333028ec5e31039d50c803beaac4c6c0	a87b6cbf333028ec5e31039d50c803beaac4c6c0	present	full-body	primary
apps/worker/test/support/workflow-lifecycle.integration.support.ts	7c2b6b474b9937ef8dfbdfb80d01c684c57bcca7	7c2b6b474b9937ef8dfbdfb80d01c684c57bcca7	present	full-body	primary
apps/worker/test/support/workspace-query.ts	a23822d92d2f4111f2dc24c2c61283a0ea1260e1	a23822d92d2f4111f2dc24c2c61283a0ea1260e1	present	full-body	primary
apps/worker/test/transport-metrics-adapter.test.ts	fdc19cd9023bbee1b1a395ab6054c401a32f9072	fdc19cd9023bbee1b1a395ab6054c401a32f9072	present	full-body	primary
apps/worker/test/transport-part-2.integration.test.ts	1baabfee6cfef41fc17052ae5b720f870bbc2c59	1baabfee6cfef41fc17052ae5b720f870bbc2c59	present	full-body	primary
apps/worker/test/transport.integration.test.ts	1299a0ef5e44b1929db966196ceb88ac0c829163	1299a0ef5e44b1929db966196ceb88ac0c829163	present	full-body	primary
apps/worker/test/transport.resilience.integration.test.ts	a36b28f1a757c726b9a14c4d2b835a5adfbf86a7	a36b28f1a757c726b9a14c4d2b835a5adfbf86a7	present	full-body	primary
apps/worker/test/trigger-consumer.integration.test.ts	20b7732c3b360b7d54a96d8174b9cc1eb562fd3b	20b7732c3b360b7d54a96d8174b9cc1eb562fd3b	present	full-body	primary
apps/worker/test/trigger-handler.test.ts	9943d5ae50e1dcae701090c7d233b445ac2220b2	9943d5ae50e1dcae701090c7d233b445ac2220b2	present	full-body	primary
apps/worker/test/trigger-runtime.test.ts	ed5efb7442bd40463f40eba4c7082caa3cc70a88	ed5efb7442bd40463f40eba4c7082caa3cc70a88	present	full-body	primary
apps/worker/test/unknown-outcome-reconciliation-runtime.test.ts	607d290efa4ec3e77411ffb0c192b736ac9b316b	607d290efa4ec3e77411ffb0c192b736ac9b316b	present	full-body	primary
apps/worker/test/validate-preview.integration.test.ts	2be1278faff80fb0cde68604568d218025953e40	16f17ca7be8faf5be9ff1f4505d64bcc7ad64d84	present	full-body	primary
apps/worker/test/worker-bootstrap.test.ts	bfd8d5e49c85adc2c931ae815ad8be6726e6742d	d2e941b7629baac73bc24f8a12cbaea2d52df873	present	full-body	primary
apps/worker/test/worker-config.test.ts	12fa7cea046d319d14b6d7a2f0c21e3ac6b5b6b0	12fa7cea046d319d14b6d7a2f0c21e3ac6b5b6b0	present	full-body	primary
apps/worker/test/worker-process-keepalive.test.ts	a156e67058145f5097eb78b445eef9f42a2e214b	a156e67058145f5097eb78b445eef9f42a2e214b	present	full-body	primary
apps/worker/test/worker-process-lifecycle.fixture.mjs	a00dfcf5f44201235e776fb0d3e9e39df163972f	a00dfcf5f44201235e776fb0d3e9e39df163972f	present	full-body	primary
apps/worker/test/worker-process-lifecycle.test.ts	6fbed203d09060f778a042d8950a75f904b1ae6f	6fbed203d09060f778a042d8950a75f904b1ae6f	present	full-body	primary
apps/worker/test/worker-resource-monitor.test.ts	2e92ff4c62ebbeb145a7971ef6f7dd9a704625e5	2e92ff4c62ebbeb145a7971ef6f7dd9a704625e5	present	full-body	primary
apps/worker/test/workflow-lifecycle.integration.test.ts	92932c41591a5ebf3353f90971e96b374cac1bef	92932c41591a5ebf3353f90971e96b374cac1bef	present	full-body	primary
apps/worker/test/workflow-publish-transport-contract.test.ts	d4906cea9e4aeb22b0e73a838aea31c19d427247	d4906cea9e4aeb22b0e73a838aea31c19d427247	present	full-body	primary
apps/worker/tsconfig.json	0bd39c3c331e536079e16c49454b61547b34d687	0bd39c3c331e536079e16c49454b61547b34d687	present	full-body	primary
apps/worker/tsconfig.test.json	33770d40d02a957ee96db5aa62c4bca9318076cf	33770d40d02a957ee96db5aa62c4bca9318076cf	present	full-body	primary
apps/worker/vitest.config.ts	a8531081f555b82b1ee8b9c9dd21b4295a3d5710	a8531081f555b82b1ee8b9c9dd21b4295a3d5710	present	full-body	primary
apps/worker/vitest.coverage.config.ts	5f1e452390cc0b7155fc9280c4c709fd22ffee12	5f1e452390cc0b7155fc9280c4c709fd22ffee12	present	full-body	primary
apps/worker/vitest.integration.config.ts	da7ecc2f3fc8cd03728fd49b5f3cf8cfd0f04275	da7ecc2f3fc8cd03728fd49b5f3cf8cfd0f04275	present	full-body	primary
apps/worker/vitest.resilience.config.ts	05cf87551af890d7fa404bc568e6ee6f444f02a8	05cf87551af890d7fa404bc568e6ee6f444f02a8	present	full-body	primary
compose.yaml	51581dad6b379a8bb10dff07cf341550d0ace842	51581dad6b379a8bb10dff07cf341550d0ace842	present	full-body	primary
docs/adr/001-modular-monolith-monorepo-api-worker.md	09f0e5b2fe664d33ff96338460867fc4a66210df	c356538b33636fb1c75818b3242e0419a8789456	present	full-body	primary
docs/adr/002-postgresql-jsonb-drafts-immutable-versions-checksum-identity.md	2fd3b49e615d54a82d40ede5038b0d3f03dc5cad	2fd3b49e615d54a82d40ede5038b0d3f03dc5cad	present	full-body	primary
docs/adr/003-workspace-tenancy-rls-runtime-roles.md	0466cc27155f1366d6b455790740c1003e422b0a	0466cc27155f1366d6b455790740c1003e422b0a	present	full-body	primary
docs/adr/004-managed-oidc-and-internal-authorization.md	bbd7b515285ad6a8c36588a6b16fa752fdad15d4	bbd7b515285ad6a8c36588a6b16fa752fdad15d4	present	full-body	primary
docs/adr/005-postgresql-authority-bullmq-outbox-engine-gate.md	1f42727a6ba37f287a48a5fc2e01961544bed0ae	1f42727a6ba37f287a48a5fc2e01961544bed0ae	present	full-body	primary
docs/adr/006-coordinator-checkpoint-and-node-attempt-jobs.md	08aa02ee37c1d33fb9bb327ee87d396bd39cb416	08aa02ee37c1d33fb9bb327ee87d396bd39cb416	present	full-body	primary
docs/adr/007-run-node-state-retry-idempotency.md	04d5cbceda3c38de91d2185c7fd0f5b5240d8a57	04d5cbceda3c38de91d2185c7fd0f5b5240d8a57	present	full-body	primary
docs/adr/008-structured-bounded-loops.md	d5c422b340ae4c4153390c2727cc624b03b5840d	d5c422b340ae4c4153390c2727cc624b03b5840d	present	full-body	primary
docs/adr/009-restricted-jsonata.md	ed5fdb47be27f2c74dc975def9d11f4bd72d1a3d	ed5fdb47be27f2c74dc975def9d11f4bd72d1a3d	present	full-body	primary
docs/adr/010-node-executor-compatibility-retirement.md	65010d95ee7a5abac36bbeb651868d7534bce40f	65010d95ee7a5abac36bbeb651868d7534bce40f	present	full-body	primary
docs/adr/011-optimistic-draft-concurrency.md	85fd72720695eedeb7931554bbb8a58da8f64f1f	85fd72720695eedeb7931554bbb8a58da8f64f1f	present	full-body	primary
docs/adr/012-fair-admission-backpressure-entitlements.md	12a5d384a17263d283077832fafa3862c87c2a95	12a5d384a17263d283077832fafa3862c87c2a95	present	full-body	primary
docs/adr/013-retention-workspace-deletion-legal-hold.md	a1798982f0f14fd0a3327ec64a8d7b4c7e90b755	a1798982f0f14fd0a3327ec64a8d7b4c7e90b755	present	full-body	primary
docs/adr/014-schedule-timezone-dst-misfire.md	ec8d4f0a362321a6b49ce0b05e1b78e746f61b73	ec8d4f0a362321a6b49ce0b05e1b78e746f61b73	present	full-body	primary
docs/adr/015-production-slo-region-and-recovery.md	c4e15f0e762b079796f69b11036fb196eb74ecf9	c4e15f0e762b079796f69b11036fb196eb74ecf9	present	full-body	primary
docs/adr/016-node-preview-testing-semantics.md	a330ebbc2a47e8905e9fee8026342a68dc3ab286	a330ebbc2a47e8905e9fee8026342a68dc3ab286	present	full-body	primary
docs/adr/017-condition-branch-selection.md	a0acc7e5fa09c0657e930ec184a115230fa7dc90	a0acc7e5fa09c0657e930ec184a115230fa7dc90	present	full-body	primary
docs/adr/018-switch-ordered-case-selection.md	7582bc80bfc1cc7dfb9f832501c3356b90832b1d	7582bc80bfc1cc7dfb9f832501c3356b90832b1d	present	full-body	primary
docs/adr/019-bounded-parallel-and-merge.md	07b6f1915a87b5e00403aea643b97a1ee282d5b8	07b6f1915a87b5e00403aea643b97a1ee282d5b8	present	full-body	primary
docs/adr/020-bounded-for-each.md	501e4972b1ed9d324c06a1a95be7973d30212f17	501e4972b1ed9d324c06a1a95be7973d30212f17	present	full-body	primary
docs/adr/021-durable-wait.md	1288d99484a40115c1ffcb864c67539c4d1b7c68	1288d99484a40115c1ffcb864c67539c4d1b7c68	present	full-body	primary
docs/adr/022-run-failure-notification.md	b87260eba9c1deed447c339ca9c44fd715ea2982	b87260eba9c1deed447c339ca9c44fd715ea2982	present	full-body	primary
docs/adr/023-slack-send-message-provider.md	feb6938a2b5ef1a82c69f501ab8f9b0137e9297c	feb6938a2b5ef1a82c69f501ab8f9b0137e9297c	present	full-body	primary
docs/adr/024-resend-email-notification-provider.md	a3248d480afcdbbde0eb51cfbe7a16baac1760dd	a3248d480afcdbbde0eb51cfbe7a16baac1760dd	present	full-body	primary
docs/adr/025-provider-failure-notification-destinations.md	be8b89991370425fd106887b1d97a48aebebaae2	be8b89991370425fd106887b1d97a48aebebaae2	present	full-body	primary
docs/adr/026-generic-webhook-signature-replay.md	84bd6440e55f9dd4aa08782d18e61ce2b670efa0	84bd6440e55f9dd4aa08782d18e61ce2b670efa0	present	full-body	primary
docs/adr/027-workspace-lifecycle-command-dispatch.md	268beefd2a7be26270e2e940bc0ae3719e9a2284	268beefd2a7be26270e2e940bc0ae3719e9a2284	present	full-body	primary
docs/adr/028-ecs-deployment-manifest.md	9f0a9ad8fe3a8218d3c78d79f287e019320056e7	9f0a9ad8fe3a8218d3c78d79f287e019320056e7	present	full-body	primary
docs/adr/029-operator-command-execution-boundary.md	1f21017adf42bf09fa89647fa1bc367682a517f7	1f21017adf42bf09fa89647fa1bc367682a517f7	present	full-body	primary
docs/adr/030-autoscaling-input-contract.md	fdf40c333c679b4e7c2b835b7d103f9763595250	fdf40c333c679b4e7c2b835b7d103f9763595250	present	full-body	primary
docs/adr/031-authenticated-user-run-replay.md	3e66bc1bf4cad836b6d901712d93ed1c20b915b4	3e66bc1bf4cad836b6d901712d93ed1c20b915b4	present	full-body	primary
docs/adr/032-validate-node-semantics.md	897a1c1c7fb764b1a4025fcee975c807382647fc	897a1c1c7fb764b1a4025fcee975c807382647fc	present	full-body	primary
docs/adr/033-truthful-workflow-activation-projection.md	ccd0fbaf1dcc6afa1e59f8abc1790d620d737103	ccd0fbaf1dcc6afa1e59f8abc1790d620d737103	present	full-body	primary
docs/adr/034-workflow-archive-restore-and-activation.md	e88a822ba393752779cdab7cd38c471f9cc5bc08	e88a822ba393752779cdab7cd38c471f9cc5bc08	present	full-body	primary
docs/adr/035-public-artifact-upload-and-capacity.md	32809551279754f566ff56b8b6b4169006dc148f	32809551279754f566ff56b8b6b4169006dc148f	present	full-body	primary
docs/audits/README.md	7df6a687e78cfacfe2be329e5c71914eb9c09f10	1a879e5e91eb4c398b8a2518872ef3b6be21c0c1	present	full-body	primary
docs/audits/apps/lifecycle-command.md	9cbeb31cee638826c3b3215f4a4b420d34dee87b	9cbeb31cee638826c3b3215f4a4b420d34dee87b	present	full-body	primary
docs/audits/packages/artifact-store.md	b15a70525ccc36756756fa9ef8d667e15694ee3f	b15a70525ccc36756756fa9ef8d667e15694ee3f	present	full-body	primary
docs/audits/packages/contracts.md	7a36d9bee92ef0357c63f8bf8c57e440d84aba7f	7a36d9bee92ef0357c63f8bf8c57e440d84aba7f	present	full-body	primary
docs/audits/packages/database.md	c130d3f748026af400f002510187529a7639d8cb	c130d3f748026af400f002510187529a7639d8cb	present	full-body	primary
docs/audits/packages/integrations.md	664e715af0532e4b075a725818b3f794865e068e	664e715af0532e4b075a725818b3f794865e068e	present	full-body	primary
docs/audits/packages/node-catalog.md	39cdb264b40ed6974e5320d4b19a8556603eb960	39cdb264b40ed6974e5320d4b19a8556603eb960	present	full-body	primary
docs/audits/packages/node-sdk.md	2e8f1fa5fb80752fdd3e0416edd65496a38703e6	2e8f1fa5fb80752fdd3e0416edd65496a38703e6	present	full-body	primary
docs/audits/packages/nodes-core.md	78e1aced6880ac6a19439206f6e3b50e3891deb9	78e1aced6880ac6a19439206f6e3b50e3891deb9	present	full-body	primary
docs/audits/packages/observability.md	35aab0014416f97bcc511b544ded579ba5abc73d	35aab0014416f97bcc511b544ded579ba5abc73d	present	full-body	primary
docs/audits/packages/queue.md	c34c13eaa569f78c0654873a87d78dfa70de57ee	c34c13eaa569f78c0654873a87d78dfa70de57ee	present	full-body	primary
docs/audits/packages/rate-limit.md	8bde91740d74b0848009d438ade1eaf66480065d	8bde91740d74b0848009d438ade1eaf66480065d	present	full-body	primary
docs/audits/packages/workflow-engine.md	340ff428d70ec1c23f594b74f74207fb9372c521	340ff428d70ec1c23f594b74f74207fb9372c521	present	full-body	primary
docs/audits/packages/workflow-model.md	0194e3755b6971c02d03cc26a29f7c3fc55ea69c	0194e3755b6971c02d03cc26a29f7c3fc55ea69c	present	full-body	primary
docs/ci-image-update-procedure.md	6931aeee59d75ef0268ff0597055bd131183d5d7	6931aeee59d75ef0268ff0597055bd131183d5d7	present	full-body	primary
docs/code-audit.md	ae76a55dfd146bcbd25da1204af5db5af6898dfa	ae76a55dfd146bcbd25da1204af5db5af6898dfa	present	full-body	primary
docs/codebase-map.md	35aeb6e9bc22540e297f3706d990a0bd46a88134	35aeb6e9bc22540e297f3706d990a0bd46a88134	present	full-body	primary
docs/current-implementation-status.md	a3a0e8866867941a6c23fb60b7138b858fb1f31b	a3a0e8866867941a6c23fb60b7138b858fb1f31b	present	full-body	primary
docs/implementation-progress.md	34affa405fbf8aa0f4311341b2e4a56362c2b732	c1bb5cd97ed6586665bfd1b93eb9336914864af4	present	full-body	primary
docs/independent-whole-repository-audit.md	15eedd07549a812d996de8c094e6c7add4e0c8bd	15eedd07549a812d996de8c094e6c7add4e0c8bd	present	full-body	primary
docs/low-value-code-audit.md	e09db31cbf4a32fd782679ffddfbf382513a6ca7	a31cfd2586e362479188585fdb4e017a1bde656c	present	full-body	primary
docs/operations/compatibility-retirement-inventory.md	705d1eebf14caf2a16bd758235b063465ce54c7e	705d1eebf14caf2a16bd758235b063465ce54c7e	present	full-body	primary
docs/operations/complexity-hotspot-retention.md	d4495de06f097265466562f9635bf14a7caf3819	5a3b55a481b1b4dbbf7271c9c3d264da3f36b61e	present	full-body	primary
docs/operations/complexity-refactor-performance.md	638c9fe0e5f302a53b4d48b4508dcae8875c708c	638c9fe0e5f302a53b4d48b4508dcae8875c708c	present	full-body	primary
docs/operations/credential-boundaries.md	07b186790536eff0ed2ff9ede2edb9b5dfa026f8	07b186790536eff0ed2ff9ede2edb9b5dfa026f8	present	full-body	primary
docs/operations/database-function-readiness.md	554fa466b946fbfb962cb466756716cdce20cb42	554fa466b946fbfb962cb466756716cdce20cb42	present	full-body	primary
docs/operations/dependency-updates.md	b7fea3e3f7e80045904c59c3f374837780e9d51d	b7fea3e3f7e80045904c59c3f374837780e9d51d	present	full-body	primary
docs/operations/external-platform-contract.md	933d98c476269499257028fbd4072c1ddd0819b7	933d98c476269499257028fbd4072c1ddd0819b7	present	full-body	primary
docs/operations/immutability-policy.md	1a1f051f8f422093e25d069541b7aad7a657cae2	1a1f051f8f422093e25d069541b7aad7a657cae2	present	full-body	primary
docs/operations/observability-alerts.md	e6cab9dd6d94e87ab8b758b84a3cae4535c765df	e6cab9dd6d94e87ab8b758b84a3cae4535c765df	present	full-body	primary
docs/operations/persisted-identifiers.md	d9253d68dbf885f9c454ab31cce8d369f5ced2ff	d9253d68dbf885f9c454ab31cce8d369f5ced2ff	present	full-body	primary
docs/operations/phase-terminology-compatibility.md	61b027dbf4a2f809c08de7089fc515b24941a356	83048187313df21ef2035ea7d68793b494e23793	present	full-body	primary
docs/operations/production-data-policy.md	f545606c5e1e505f611782985bac9f1b2a4e873b	f545606c5e1e505f611782985bac9f1b2a4e873b	present	full-body	primary
docs/operations/regional-recovery.md	6d994f34108fac43d96c202fa268ddf4c14794d0	6d994f34108fac43d96c202fa268ddf4c14794d0	present	full-body	primary
docs/operations/release-security-gate.md	f16823ad17febd2756659ade13949dee8c58c54c	f16823ad17febd2756659ade13949dee8c58c54c	present	full-body	primary
docs/operations/repository-governance.md	7decb6a1040cc01884783b0f03ccafc078c5aa3e	7decb6a1040cc01884783b0f03ccafc078c5aa3e	present	full-body	primary
docs/operations/supported-export-surface.md	ce3f319207d3d7b08146637bda8c9f8cbfcc44c9	ce3f319207d3d7b08146637bda8c9f8cbfcc44c9	present	full-body	primary
docs/operations/test-confidence.md	669cd67a8012f5a0606423f664bcfebe1c5361f6	ef82ee0184ec1fa57a07ffba60b1ca9389894cc6	present	full-body	primary
docs/operations/test-duplication-review.md	04dc58cbddf8d2f752aac9c978d1df7a6c161c12	aeb79f77c7be6db5f7798ebbf3a2cda475c9ac39	present	full-body	primary
docs/repository-governance.md	aa5643121766378938779ef345b29f1d4c72cc8c	aa5643121766378938779ef345b29f1d4c72cc8c	present	full-body	primary
docs/repository-structure-audit.md	90433bd4d6b44ddf799bb6995815e74321a10043	90433bd4d6b44ddf799bb6995815e74321a10043	present	full-body	primary
docs/whole-repository-audit.md	65e7d6887b4ee69a105929c3e0ed1da874d915bb	65e7d6887b4ee69a105929c3e0ed1da874d915bb	present	full-body	primary
docs/workflow-platform-backend-plan.md	5d4624ab1ed3d4e482a0dfbca30754513c784db0	5d4624ab1ed3d4e482a0dfbca30754513c784db0	present	full-body	primary
docs/workflow-platform-backend-research.md	87ab1e183e29a2788616d11070036c93c6072b18	87ab1e183e29a2788616d11070036c93c6072b18	present	full-body	primary
eslint.config.mjs	557e881e05895670764825e620be849e318c4bfd	a914aeafabf6313be89d58652993a28f0a2d7916	present	full-body	primary
infrastructure/complexity-baseline.json	df00cc76fb122f7120062c9be9f17164da20f50d	df00cc76fb122f7120062c9be9f17164da20f50d	present	full-body	primary
infrastructure/create-image-provenance.mjs	06683fa27744075971b7ecb34ea1feb7e99b5def	06683fa27744075971b7ecb34ea1feb7e99b5def	present	full-body	primary
infrastructure/create-image-provenance.test.mjs	715c6e2b9bfdec98152320ddb930e9ba00720fa1	715c6e2b9bfdec98152320ddb930e9ba00720fa1	present	full-body	primary
infrastructure/documentation-git-isolation.test.mjs	d2247e11014a69ef6a1179e56e09a8a03a4de9dd	d2247e11014a69ef6a1179e56e09a8a03a4de9dd	present	full-body	primary
infrastructure/ecs/autoscaling.json	7b8d2425cc558826dfc5e5268b4b28d9fb9e0ef4	7b8d2425cc558826dfc5e5268b4b28d9fb9e0ef4	present	full-body	primary
infrastructure/ecs/database-connection-budget.json	a7247371b4809ed0d97efa0b5719f7fedb3e5aa4	a7247371b4809ed0d97efa0b5719f7fedb3e5aa4	present	full-body	primary
infrastructure/ecs/external-platform-contract.json	394083bdf0809a2b5b0148368c8334c31e33de95	394083bdf0809a2b5b0148368c8334c31e33de95	present	full-body	primary
infrastructure/ecs/render-task-definitions.mjs	c528609f05a29074b05d6b0c5824edb576a3520f	c528609f05a29074b05d6b0c5824edb576a3520f	present	full-body	primary
infrastructure/ecs/rendered-task-startup-smoke.mjs	af294ded00003089e54a80c71c91577b5a0ca8ba	fc95b3b5242c38ba948b60da3d4076785748f6e0	present	full-body	primary
infrastructure/ecs/run-release-job.sh	78e8f65b4a14e3d70a79494f1f8fe8a8d02ac9d9	78e8f65b4a14e3d70a79494f1f8fe8a8d02ac9d9	present	full-body	primary
infrastructure/ecs/tsconfig.runtime-closure.json	6eff1b097cc32643a2560e1aa57ae376416c9a78	6eff1b097cc32643a2560e1aa57ae376416c9a78	present	full-body	primary
infrastructure/ecs/validate-database-connection-budget.mjs	bb87ece075e5d2e9200a3fe5b44c091312df8435	bb87ece075e5d2e9200a3fe5b44c091312df8435	present	full-body	primary
infrastructure/ecs/validate-database-connection-budget.test.mjs	124908234c59ced0422b1b270046c03ef5c8f2bc	124908234c59ced0422b1b270046c03ef5c8f2bc	present	full-body	primary
infrastructure/ecs/validate-deployment.mjs	6aa893283b503a8197fa99ccaac68cc31f56b3ab	ca3c8f79da48b794ddb70f39de1a7dbf5e47e5a0	present	full-body	primary
infrastructure/ecs/validate-external-platform-evidence.mjs	b2fea8a2074b7b2cb4cf907ffefb62937aa4b31b	b2fea8a2074b7b2cb4cf907ffefb62937aa4b31b	present	full-body	primary
infrastructure/ecs/validate-external-platform-evidence.test.mjs	85f13651497f180ebf3fced94c60009ce23f400a	85f13651497f180ebf3fced94c60009ce23f400a	present	full-body	primary
infrastructure/ecs/validate-render-runtime-config.test.mjs	8517438f985ad2572d5dc5485e80b094d76be876	8517438f985ad2572d5dc5485e80b094d76be876	present	full-body	primary
infrastructure/ecs/validate-render.mjs	503d60ed8ecc455dfff565b95382e4094a409428	503d60ed8ecc455dfff565b95382e4094a409428	present	full-body	primary
infrastructure/ecs/validate-runtime-closure.mjs	5cec52c2e005206d821ea181e6f1848d42b47102	5cec52c2e005206d821ea181e6f1848d42b47102	present	full-body	primary
infrastructure/ecs/validate-runtime-closure.test.mjs	eee766c371284c095155184d217ab098ebf80fd4	eee766c371284c095155184d217ab098ebf80fd4	present	full-body	primary
infrastructure/ecs/workloads.json	23e8b5fcc2e970b3f63f6edce36631087f08d7c7	23e8b5fcc2e970b3f63f6edce36631087f08d7c7	present	full-body	primary
infrastructure/exercises/README.md	831e08311878fd4c97db62da0757952e2b55103b	831e08311878fd4c97db62da0757952e2b55103b	present	full-body	primary
infrastructure/exercises/profiles/api-steady.json	91d742d8ff664503943c7fc57e272776d23a0268	91d742d8ff664503943c7fc57e272776d23a0268	present	full-body	primary
infrastructure/exercises/profiles/large-fan-out.json	2e509264e7d1d30b0c3c689bc931b6a29b3410f1	2e509264e7d1d30b0c3c689bc931b6a29b3410f1	present	full-body	primary
infrastructure/exercises/profiles/long-wait.json	a96e313d5a9b310b11ffd12fbffd8db30dee9748	a96e313d5a9b310b11ffd12fbffd8db30dee9748	present	full-body	primary
infrastructure/exercises/profiles/noisy-tenant-control.json	0b237e9d674c2ca7d7edc38c3700a78d21b32554	0b237e9d674c2ca7d7edc38c3700a78d21b32554	present	full-body	primary
infrastructure/exercises/profiles/noisy-tenant-load.json	baa00ae694e7b94702058890fdc2b2eddd3bb436	baa00ae694e7b94702058890fdc2b2eddd3bb436	present	full-body	primary
infrastructure/exercises/profiles/webhook-burst.json	82af01680030b5f759543fa9eab0d512662898cb	82af01680030b5f759543fa9eab0d512662898cb	present	full-body	primary
infrastructure/exercises/run-http-exercise.mjs	548dd19bd87b2553ac7e92d150bf4fc76dab6b23	548dd19bd87b2553ac7e92d150bf4fc76dab6b23	present	full-body	primary
infrastructure/exercises/run-http-exercise.test.mjs	0c6c6a96be0183b487fb6360617bb4c3891ca6bf	0c6c6a96be0183b487fb6360617bb4c3891ca6bf	present	full-body	primary
infrastructure/exercises/validate-exercises.mjs	a87fb2ec2cf5dc544f62a05dfc933be9c2531216	a87fb2ec2cf5dc544f62a05dfc933be9c2531216	present	full-body	primary
infrastructure/git-environment.mjs	691771bd8fe022fd9fcaa492e2d85fcf28d3d547	691771bd8fe022fd9fcaa492e2d85fcf28d3d547	present	full-body	primary
infrastructure/install-git-hooks.mjs	4dfcadedf5ce9f2abfbb10ed7ef5b4f48bd02698	4dfcadedf5ce9f2abfbb10ed7ef5b4f48bd02698	present	full-body	primary
infrastructure/merge-istanbul-coverage.mjs	70b5b8cfc6229fb4f746718a553f9135bd5eae37	70b5b8cfc6229fb4f746718a553f9135bd5eae37	present	full-body	primary
infrastructure/merge-istanbul-coverage.test.mjs	90f6eee4312551f2746d4dff547a7482d65f8cdd	90f6eee4312551f2746d4dff547a7482d65f8cdd	present	full-body	primary
infrastructure/minio/bootstrap-ledger.sh	7afa7eddb171824b8b19d53b2270ba07cd509ffe	7afa7eddb171824b8b19d53b2270ba07cd509ffe	present	full-body	primary
infrastructure/minio/primary-ledger-policy.json	9710bf3e8c2ea5b80e795420743679d6ce0962fa	9710bf3e8c2ea5b80e795420743679d6ce0962fa	present	full-body	primary
infrastructure/minio/recovery-ledger-policy.json	0d1405c265b961f513b8f9489ed9f9c7ec3c4c6c	0d1405c265b961f513b8f9489ed9f9c7ec3c4c6c	present	full-body	primary
infrastructure/observability/compose.yaml	55d57dbf8eba2c047271f1741c3881d65dadb0ec	55d57dbf8eba2c047271f1741c3881d65dadb0ec	present	full-body	primary
infrastructure/observability/grafana-dashboard.json	abe4cd5731de1a50349615652b18a6e275e14233	abe4cd5731de1a50349615652b18a6e275e14233	present	full-body	primary
infrastructure/observability/grafana-dashboards.yaml	dfb7851b97a4d833d36c6f127b5aa231cdcbabff	dfb7851b97a4d833d36c6f127b5aa231cdcbabff	present	full-body	primary
infrastructure/observability/grafana-datasource.yaml	e49ddc041c7f71d061221dab3c5de887b3452f99	e49ddc041c7f71d061221dab3c5de887b3452f99	present	full-body	primary
infrastructure/observability/otel-collector.yaml	cb59b7aee6d4861a94325a076d8820ad4e78592e	cb59b7aee6d4861a94325a076d8820ad4e78592e	present	full-body	primary
infrastructure/observability/pertexo-alerts.yaml	c824a36129cc176b71a046fd70f2d3ad7cae8279	c824a36129cc176b71a046fd70f2d3ad7cae8279	present	full-body	primary
infrastructure/observability/prometheus.yaml	94699ddffffed61c2f6be48141372a6d77fc156c	94699ddffffed61c2f6be48141372a6d77fc156c	present	full-body	primary
infrastructure/observability/validate-config.mjs	1bd22eced894ccaccd2e1ea8f41bd32a078f16af	1bd22eced894ccaccd2e1ea8f41bd32a078f16af	present	full-body	primary
infrastructure/operational-documentation.mjs	abf5a60de37d9351f624a1d7d95bc971b2516c43	abf5a60de37d9351f624a1d7d95bc971b2516c43	present	full-body	primary
infrastructure/operational-documentation.test.mjs	433d0827ee66d4aa6900a137078e85636b44bc4f	433d0827ee66d4aa6900a137078e85636b44bc4f	present	full-body	primary
infrastructure/postgres/init/10-roles.sh	ea98329e7f0a613c5e0e7d1309ac3e166d5445ed	ea98329e7f0a613c5e0e7d1309ac3e166d5445ed	present	full-body	primary
infrastructure/postgres/provision-operator-role.mjs	81b1b1df72cdef77d2e0646bc82e0ddabb723c2c	81b1b1df72cdef77d2e0646bc82e0ddabb723c2c	present	full-body	primary
infrastructure/report-risk-coverage.mjs	c20f1bf528d6ff46899a229731c2645c7344e69f	c20f1bf528d6ff46899a229731c2645c7344e69f	present	full-body	primary
infrastructure/report-risk-coverage.test.mjs	b6e9fcd7ac6e08e17f886097c3f424907e7d6280	b6e9fcd7ac6e08e17f886097c3f424907e7d6280	present	full-body	primary
infrastructure/risk-coverage-reviews.json	a5c407de298d00b1aa9a261f0f9d7c4e27369903	49d914c5825ee7abe14dd94d9691c4c4f414cfa2	present	risk-policy-reviewed	primary
infrastructure/test-duplication-baseline.json	a4dac2b62113efbb847ce0896b2c2a762d51e219	eded41c1c892f69b91d3333c79f84bc41024cbbb	present	full-body	primary
infrastructure/validate-complexity.mjs	22c06aa1751dd3cc680c566cbf87e7a64b979a02	22c06aa1751dd3cc680c566cbf87e7a64b979a02	present	full-body	primary
infrastructure/validate-complexity.test.mjs	641fad034da9266dd71d92007fa3ec23c4cb5745	641fad034da9266dd71d92007fa3ec23c4cb5745	present	full-body	primary
infrastructure/validate-database-schema.mjs	878e0772258ee84373df105067f597050fd8b7b1	878e0772258ee84373df105067f597050fd8b7b1	present	full-body	primary
infrastructure/validate-database-schema.test.mjs	251e04c008b78b5859ab3f26512da067b64198e9	63a45bbb7fec846484875e6e6473a60ffbdc98c6	present	full-body	primary
infrastructure/validate-documentation.mjs	93523f37ebffd8ae14e89975180890ca77bf70eb	93523f37ebffd8ae14e89975180890ca77bf70eb	present	full-body	primary
infrastructure/validate-documentation.test.mjs	43b4c4db6cdf041a2f43f7d30bdde07b0947fb5e	43b4c4db6cdf041a2f43f7d30bdde07b0947fb5e	present	full-body	primary
infrastructure/validate-iana-address-registry.mjs	e1cc910d98669fed51e74d5a02b9d82964a17976	e1cc910d98669fed51e74d5a02b9d82964a17976	present	full-body	primary
infrastructure/validate-iana-address-registry.test.mjs	9c51c3dd9dd4b70c50ec69678e3e85ebbd37cefc	9c51c3dd9dd4b70c50ec69678e3e85ebbd37cefc	present	full-body	primary
infrastructure/validate-image-pins.mjs	ff343c9b55005807a89a318b84dc2b435a551247	ff343c9b55005807a89a318b84dc2b435a551247	present	full-body	primary
infrastructure/validate-image-pins.test.mjs	6aa5fb7201632ed5d4907f593f0e3a8166a23afb	6aa5fb7201632ed5d4907f593f0e3a8166a23afb	present	full-body	primary
infrastructure/validate-module-imports.mjs	3c98e03d93cf04a298dea15dd60eb0dedaa9bc15	3c98e03d93cf04a298dea15dd60eb0dedaa9bc15	present	full-body	primary
infrastructure/validate-module-imports.test.mjs	368fad832a51bb8f5a88f1b7febeb68d3872c6cb	368fad832a51bb8f5a88f1b7febeb68d3872c6cb	present	full-body	primary
infrastructure/validate-project-references.mjs	82dd8e8de474fa4a320b37ba030cbdc4a13399ac	82dd8e8de474fa4a320b37ba030cbdc4a13399ac	present	full-body	primary
infrastructure/validate-project-references.test.mjs	7e79d09c6ca8aa7c4d2919e7315f0f4ca55fed8a	7e79d09c6ca8aa7c4d2919e7315f0f4ca55fed8a	present	full-body	primary
infrastructure/validate-runtime-major.mjs	a0c4454cb5b8279a28804b6fa159ba6623922a04	a0c4454cb5b8279a28804b6fa159ba6623922a04	present	full-body	primary
infrastructure/validate-runtime-major.test.mjs	043e4721c9706bc5a8ee8ab51512803ad0923efc	043e4721c9706bc5a8ee8ab51512803ad0923efc	present	full-body	primary
infrastructure/validate-test-duplication.mjs	aba89d854345deeb9530b1ebd82d89a1e7972ed9	aba89d854345deeb9530b1ebd82d89a1e7972ed9	present	full-body	primary
infrastructure/validate-test-duplication.test.mjs	a457a4f988e4136a56586a1a83b5d59d0297bf5c	a457a4f988e4136a56586a1a83b5d59d0297bf5c	present	full-body	primary
infrastructure/validate-vitest-gate-report.mjs	29111cdbb58a4e5ddef1a77f53a9c25516318afe	29111cdbb58a4e5ddef1a77f53a9c25516318afe	present	full-body	primary
infrastructure/validate-vitest-gate-report.test.mjs	a05edc61ba54d35876334e4fdda868ef55b6cbeb	a05edc61ba54d35876334e4fdda868ef55b6cbeb	present	full-body	primary
package.json	8d7010132c362294da7289f700612524956459c1	8d7010132c362294da7289f700612524956459c1	present	full-body	primary
packages/artifact-store/package.json	f3dda2518433d9c62883692a1b985691c96e7918	f3dda2518433d9c62883692a1b985691c96e7918	present	full-body	adapter
packages/artifact-store/src/artifact-download.ts	32da39c17128b9828b0912082e563cbe7261630c	32da39c17128b9828b0912082e563cbe7261630c	present	full-body	adapter
packages/artifact-store/src/artifact-metadata.ts	4c9f81c5b2997f3d713342e2127046f89bd92812	4c9f81c5b2997f3d713342e2127046f89bd92812	present	full-body	adapter
packages/artifact-store/src/artifact-request-lifecycle.ts	522a35b39f27c4e435a4939f666c3dc1b17e83b1	522a35b39f27c4e435a4939f666c3dc1b17e83b1	present	full-body	adapter
packages/artifact-store/src/config-primitives.ts	2b355f86a18366068d54e04c85c700cf849f859a	2b355f86a18366068d54e04c85c700cf849f859a	present	full-body	adapter
packages/artifact-store/src/config.ts	920562e43128289c826b3b3aee83391a19e613f4	920562e43128289c826b3b3aee83391a19e613f4	present	full-body	adapter
packages/artifact-store/src/control-ledger-config.ts	7c315f0304ba95af6ff064d698d27bf7b03096c4	7c315f0304ba95af6ff064d698d27bf7b03096c4	present	full-body	adapter
packages/artifact-store/src/control-ledger.ts	7416a118a8b9c5e6ef7207404b2e05179ac14bfd	7416a118a8b9c5e6ef7207404b2e05179ac14bfd	present	full-body	adapter
packages/artifact-store/src/control-ledger/bucket-policy.ts	44f076f11fd88e88d57021d043b87f5d2ecfb296	44f076f11fd88e88d57021d043b87f5d2ecfb296	present	full-body	adapter
packages/artifact-store/src/dual-region-artifact-store.ts	31e5911dbcd58c4d583275ba21f46450edf2fff2	31e5911dbcd58c4d583275ba21f46450edf2fff2	present	full-body	adapter
packages/artifact-store/src/dual-region-control-ledger.ts	43b1e4a90a2ac393fbe202af7f2584a680725f57	43b1e4a90a2ac393fbe202af7f2584a680725f57	present	full-body	adapter
packages/artifact-store/src/index.ts	05806f73f481e1385cc8da33587a7fe875c72a10	05806f73f481e1385cc8da33587a7fe875c72a10	present	full-body	adapter
packages/artifact-store/src/object-store-telemetry.ts	46a9e8831fc36417aad841acbc9dea468720e739	46a9e8831fc36417aad841acbc9dea468720e739	present	full-body	adapter
packages/artifact-store/src/s3-client-contract.ts	3746e1133241192710a3b430ae3b86d521730d86	3746e1133241192710a3b430ae3b86d521730d86	present	full-body	adapter
packages/artifact-store/src/server-only.ts	bca53ea90724164929cf2e457916f21117c8aba9	bca53ea90724164929cf2e457916f21117c8aba9	present	full-body	adapter
packages/artifact-store/src/store.ts	7029289bedeced19e91ce07ba78f5dc63df0fac9	7029289bedeced19e91ce07ba78f5dc63df0fac9	present	full-body	adapter
packages/artifact-store/test/config.test.ts	87921f946f22751647551bee9043b43b3786e373	87921f946f22751647551bee9043b43b3786e373	present	full-body	adapter
packages/artifact-store/test/control-ledger-bucket-policy.test.ts	8feb7ed011d429e249399b8e211498190d349d95	8feb7ed011d429e249399b8e211498190d349d95	present	full-body	adapter
packages/artifact-store/test/control-ledger-config.test.ts	c14a12ad204aad5e4ebc0efc4528ff86449e24d1	c14a12ad204aad5e4ebc0efc4528ff86449e24d1	present	full-body	adapter
packages/artifact-store/test/control-ledger-part-2.test.ts	b3e53f8166d6f5689dca04518069d51eece98dc5	b3e53f8166d6f5689dca04518069d51eece98dc5	present	full-body	adapter
packages/artifact-store/test/control-ledger.integration.test.ts	c88a1d525a31401e1195e5b47ccd11e5fdd07ecb	c88a1d525a31401e1195e5b47ccd11e5fdd07ecb	present	full-body	adapter
packages/artifact-store/test/control-ledger.test.ts	65ceadb2bd119d3cbce8e221da8db58ba085cf5c	65ceadb2bd119d3cbce8e221da8db58ba085cf5c	present	full-body	adapter
packages/artifact-store/test/dual-region-artifact-store.test.ts	a05f30f53d725bb75cda401bf1f338fb6c74d5c9	a05f30f53d725bb75cda401bf1f338fb6c74d5c9	present	full-body	adapter
packages/artifact-store/test/dual-region-control-ledger.test.ts	6cdb02b1f30ca0f34827467c20ce0006980e9337	6cdb02b1f30ca0f34827467c20ce0006980e9337	present	full-body	adapter
packages/artifact-store/test/object-store-telemetry.test.ts	5d9f7ac2d3e7843524b84b30ff81a66e4dfa3558	5d9f7ac2d3e7843524b84b30ff81a66e4dfa3558	present	full-body	adapter
packages/artifact-store/test/s3-client-contract.test-d.ts	65147d772fc5104b50475f0a228db618b3d9b6c3	65147d772fc5104b50475f0a228db618b3d9b6c3	present	full-body	adapter
packages/artifact-store/test/store.integration.test.ts	905c00c8c52f48d51ce9fe841d27b46cd879e0f1	905c00c8c52f48d51ce9fe841d27b46cd879e0f1	present	full-body	adapter
packages/artifact-store/test/store.test.ts	40ba4a17bb17f7c7b1b136e4ad42e535e17bb850	40ba4a17bb17f7c7b1b136e4ad42e535e17bb850	present	full-body	adapter
packages/artifact-store/test/support/control-ledger.fixture.ts	4fa8e8efb5df5c7fca1ef75e2bfda8bd0e04f228	4fa8e8efb5df5c7fca1ef75e2bfda8bd0e04f228	present	full-body	adapter
packages/artifact-store/tsconfig.json	9875b1e8e98b57787fbb383775b4ae64b48aa5b3	9875b1e8e98b57787fbb383775b4ae64b48aa5b3	present	full-body	adapter
packages/artifact-store/tsconfig.test.json	df52f8bc2281a94d6c9377eed20383f5c9e2111d	df52f8bc2281a94d6c9377eed20383f5c9e2111d	present	full-body	adapter
packages/artifact-store/vitest.config.ts	d4036afe2b116566fd663dc895b7c4645bea9892	d4036afe2b116566fd663dc895b7c4645bea9892	present	full-body	adapter
packages/artifact-store/vitest.coverage.config.ts	6092e22ee78b71610247ffddb49a2128abd4e785	6092e22ee78b71610247ffddb49a2128abd4e785	present	full-body	adapter
packages/artifact-store/vitest.integration.config.ts	5549381b73860d8b2e86c0865a963230a40b96d5	5549381b73860d8b2e86c0865a963230a40b96d5	present	full-body	adapter
packages/contracts/artifacts/artifacts.client-schema.json	5d4ac2ff22019eb0ad20361141ad7b4c08a8e20d	5d4ac2ff22019eb0ad20361141ad7b4c08a8e20d	present	generated-validated	domain
packages/contracts/artifacts/artifacts.openapi.json	56d9843b5d0e9cef7b0d186c0386d33e51ab5b8a	56d9843b5d0e9cef7b0d186c0386d33e51ab5b8a	present	generated-validated	domain
packages/contracts/artifacts/connections.client-schema.json	74cba8834fb987357da9cdcad9b8fd8f819a0e4b	74cba8834fb987357da9cdcad9b8fd8f819a0e4b	present	generated-validated	domain
packages/contracts/artifacts/connections.openapi.json	fc44ee32f2aa7f71f59f1e4f905fded6f3fc22b5	fc44ee32f2aa7f71f59f1e4f905fded6f3fc22b5	present	generated-validated	domain
packages/contracts/artifacts/identity-workspace.client-schema.json	c27766f67249a2eea84d6824b98cf85108da98db	c27766f67249a2eea84d6824b98cf85108da98db	present	generated-validated	domain
packages/contracts/artifacts/identity-workspace.openapi.json	a611bf13f9924e40f51503139ad27c66637563c7	a611bf13f9924e40f51503139ad27c66637563c7	present	generated-validated	domain
packages/contracts/artifacts/node-testing.client-schema.json	d75d0419b63a9eebc1a1b1d8e8a54d873da98b2f	d75d0419b63a9eebc1a1b1d8e8a54d873da98b2f	present	generated-validated	domain
packages/contracts/artifacts/node-testing.openapi.json	fb2e7217d92fede71d44babbadb8ddc90ff90aaa	fb2e7217d92fede71d44babbadb8ddc90ff90aaa	present	generated-validated	domain
packages/contracts/artifacts/schedules.client-schema.json	ef7c42ff9de0a63b574cc6a0dbdef137196a5549	ef7c42ff9de0a63b574cc6a0dbdef137196a5549	present	generated-validated	domain
packages/contracts/artifacts/schedules.openapi.json	66df8e298de73d4c32f3472a262b2cccc16f0215	66df8e298de73d4c32f3472a262b2cccc16f0215	present	generated-validated	domain
packages/contracts/artifacts/webhooks.client-schema.json	78293b3997f9baa86ed65be5a557c13ff572c471	78293b3997f9baa86ed65be5a557c13ff572c471	present	generated-validated	domain
packages/contracts/artifacts/webhooks.openapi.json	10358d4011af7da8875dff694133eb006187a4fa	10358d4011af7da8875dff694133eb006187a4fa	present	generated-validated	domain
packages/contracts/artifacts/workflow-authoring.client-schema.json	3b09b29e74c6562a8d2587fa52f67f8850cf3b51	3b09b29e74c6562a8d2587fa52f67f8850cf3b51	present	generated-validated	domain
packages/contracts/artifacts/workflow-authoring.openapi.json	5a20bd2125f02505de9e60e96f6ad7964269baf6	5a20bd2125f02505de9e60e96f6ad7964269baf6	present	generated-validated	domain
packages/contracts/artifacts/workflow-runs.client-schema.json	5972c7765dfcae85c9074a9acd6f5db2127f7b1d	5972c7765dfcae85c9074a9acd6f5db2127f7b1d	present	generated-validated	domain
packages/contracts/artifacts/workflow-runs.openapi.json	b77ad0841fbe26af6b442c5404ee3a2ee44d2b4c	b77ad0841fbe26af6b442c5404ee3a2ee44d2b4c	present	generated-validated	domain
packages/contracts/package.json	bded7fb492259f0df377e2518ae1f92a744ef810	bded7fb492259f0df377e2518ae1f92a744ef810	present	full-body	domain
packages/contracts/redocly.yaml	a019738bd2e4493bb1a70e49aead2572df31d8cc	a019738bd2e4493bb1a70e49aead2572df31d8cc	present	full-body	domain
packages/contracts/scripts/generate-artifacts.ts	8ed433fa2556902c95bc9e5324057b6bb797497a	8ed433fa2556902c95bc9e5324057b6bb797497a	present	full-body	domain
packages/contracts/src/artifact-transfer.ts	4c46998cde1a120cee60c64a2400dc3427eb3046	4c46998cde1a120cee60c64a2400dc3427eb3046	present	full-body	domain
packages/contracts/src/artifacts.ts	b44d69638d50a884ce6e2974ff71e1b6e80be481	b44d69638d50a884ce6e2974ff71e1b6e80be481	present	full-body	domain
packages/contracts/src/connections.ts	574895dd74ebc34d8a25b471214b33e7abcbfa65	574895dd74ebc34d8a25b471214b33e7abcbfa65	present	full-body	domain
packages/contracts/src/errors/api-problem.ts	385b5b7161a745c2fff4c5cac083549ac12861fd	385b5b7161a745c2fff4c5cac083549ac12861fd	present	full-body	domain
packages/contracts/src/http/artifact-transfer.ts	381f517769e0c47d092d2b3dee1ff4b4b0098690	381f517769e0c47d092d2b3dee1ff4b4b0098690	present	full-body	domain
packages/contracts/src/http/connections.ts	3bb54b0d1286d07f1fd5004654b9847d6a23cb6d	3bb54b0d1286d07f1fd5004654b9847d6a23cb6d	present	full-body	domain
packages/contracts/src/http/failure-notification-destinations.ts	182ba8d349577c88d83086af6c9580106e5ae7a6	182ba8d349577c88d83086af6c9580106e5ae7a6	present	full-body	domain
packages/contracts/src/http/http-field-value.ts	496b144f7c8d9c28814b30b09db51035181d895b	496b144f7c8d9c28814b30b09db51035181d895b	present	full-body	domain
packages/contracts/src/http/identity-workspace.ts	bd9e5bb0dba9b683fc5c6c5b28e61474698e1d51	bd9e5bb0dba9b683fc5c6c5b28e61474698e1d51	present	full-body	domain
packages/contracts/src/http/node-testing.ts	76e687493e84ea69bcf81fea86f1783f43ca50dd	76e687493e84ea69bcf81fea86f1783f43ca50dd	present	full-body	domain
packages/contracts/src/http/schedules.ts	70d5046244788f4287ca4acd20673d46e2a3b95e	70d5046244788f4287ca4acd20673d46e2a3b95e	present	full-body	domain
packages/contracts/src/http/webhooks.ts	27d16013071c45e264d4d8afa78295a8cbe911f4	27d16013071c45e264d4d8afa78295a8cbe911f4	present	full-body	domain
packages/contracts/src/http/workflow-authoring.ts	7322d3574633d0a6327b38635c019df5839a7f8a	7322d3574633d0a6327b38635c019df5839a7f8a	present	full-body	domain
packages/contracts/src/http/workflow-runs.ts	2bd90ebb2e6cb5dfb226ddc26a279949892206d9	2bd90ebb2e6cb5dfb226ddc26a279949892206d9	present	full-body	domain
packages/contracts/src/identity-workspace.ts	fa20a6eeb83e4ac073883646c60444f0435ac6b0	fa20a6eeb83e4ac073883646c60444f0435ac6b0	present	full-body	domain
packages/contracts/src/index.ts	c167fe9cc34647fe8509da58a083fd138b2524b9	c167fe9cc34647fe8509da58a083fd138b2524b9	present	full-body	domain
packages/contracts/src/node-testing.ts	00e9ee00da3fa492ea2ee0afe0c7873dc69b3cf3	00e9ee00da3fa492ea2ee0afe0c7873dc69b3cf3	present	full-body	domain
packages/contracts/src/openapi-primitives.ts	0163a4d16fe25a0a48fb5fc0f9ebe1bd0e67b019	0163a4d16fe25a0a48fb5fc0f9ebe1bd0e67b019	present	full-body	domain
packages/contracts/src/schedules.ts	32456a25f83f487b26a5af0fb50d983b2a01514a	32456a25f83f487b26a5af0fb50d983b2a01514a	present	full-body	domain
packages/contracts/src/schema-projection.ts	c55aeecc608069aa0b19e9879ab554e091043618	c55aeecc608069aa0b19e9879ab554e091043618	present	full-body	domain
packages/contracts/src/webhooks.ts	1ec928de83700bbba4e69048a2fcc0365c7c261d	1ec928de83700bbba4e69048a2fcc0365c7c261d	present	full-body	domain
packages/contracts/src/workflow-authoring.ts	c2eab541f16486b5b098879c6c37472f9dd22659	c2eab541f16486b5b098879c6c37472f9dd22659	present	full-body	domain
packages/contracts/src/workflow-runs.ts	8f816e75b90c25f3fe93ad05e726e73f5a6f00b9	8f816e75b90c25f3fe93ad05e726e73f5a6f00b9	present	full-body	domain
packages/contracts/test/artifact-transfer-contract.test.ts	1bc4cf838c7dbc37096c70d95a63b94b8bb6dc71	1bc4cf838c7dbc37096c70d95a63b94b8bb6dc71	present	full-body	domain
packages/contracts/test/contracts.test.ts	ed617cc7001a81c956fba602eb482c018fe96153	ed617cc7001a81c956fba602eb482c018fe96153	present	full-body	domain
packages/contracts/test/failure-notification-destinations.test.ts	76d33a6267477a8e8ce3fb63fdb1e80f891ad9b6	76d33a6267477a8e8ce3fb63fdb1e80f891ad9b6	present	full-body	domain
packages/contracts/test/package-contract.test.ts	f810f07d05598dfd7517d42a092bd3efcb77bb47	f810f07d05598dfd7517d42a092bd3efcb77bb47	present	full-body	domain
packages/contracts/test/schedules.test.ts	53442354102c56a9f93b6698c8251c7e8b450b5f	53442354102c56a9f93b6698c8251c7e8b450b5f	present	full-body	domain
packages/contracts/test/webhooks.test.ts	27da28769ffaa21bce276c305768747d7d253064	27da28769ffaa21bce276c305768747d7d253064	present	full-body	domain
packages/contracts/test/workflow-activation-contract.test.ts	51d2e863b2190dda9ced7adbb1f8dc975a290334	51d2e863b2190dda9ced7adbb1f8dc975a290334	present	full-body	domain
packages/contracts/test/workflow-lifecycle-contract.test.ts	e52c790b4bca25534b218fdc013995b3536effbd	e52c790b4bca25534b218fdc013995b3536effbd	present	full-body	domain
packages/contracts/tsconfig.json	a5cdb21323b344abd82a2ba148ba0ddfdc6f0dc6	a5cdb21323b344abd82a2ba148ba0ddfdc6f0dc6	present	full-body	domain
packages/contracts/tsconfig.test.json	8400715fe463cfe6072cf266bb372ac279069b97	8400715fe463cfe6072cf266bb372ac279069b97	present	full-body	domain
packages/contracts/vitest.config.ts	85261002345f81c63122e4e3167b1c66e564db5e	85261002345f81c63122e4e3167b1c66e564db5e	present	full-body	domain
packages/contracts/vitest.coverage.config.ts	ab42f3340dc9361712604f6b41369732fefc2ef4	ab42f3340dc9361712604f6b41369732fefc2ef4	present	full-body	domain
packages/database/migrations/0000_rls_probe.sql	b0cd3e7c53f7ed2b822235a7ffe22d506a06f612	b0cd3e7c53f7ed2b822235a7ffe22d506a06f612	present	historical-migration-inventory	migration-inventory
packages/database/migrations/0001_queue_transport.sql	9d2db9a86362b234ce7789f27db313b5b8a1d970	9d2db9a86362b234ce7789f27db313b5b8a1d970	present	historical-migration-inventory	migration-inventory
packages/database/migrations/0002_artifacts.sql	39a6cd82231f3bee68ebbb55516fb36bd7c3427c	39a6cd82231f3bee68ebbb55516fb36bd7c3427c	present	historical-migration-inventory	migration-inventory
packages/database/migrations/0003_transport_security_audit.sql	986ad7fe229fe8b5f55d87b2faf1643d7f1ab567	986ad7fe229fe8b5f55d87b2faf1643d7f1ab567	present	historical-migration-inventory	migration-inventory
packages/database/migrations/0004_execution_acceptance.sql	ed6c043d1d16e1c63c61d87f8f8b67df1ed7ffb2	ed6c043d1d16e1c63c61d87f8f8b67df1ed7ffb2	present	historical-migration-inventory	migration-inventory
packages/database/migrations/0005_inbox_least_privilege.sql	92d520131d96577d1d1201dd3645f90b810a7fed	92d520131d96577d1d1201dd3645f90b810a7fed	present	historical-migration-inventory	migration-inventory
packages/database/migrations/0006_execution_vocabulary.sql	6e4784475df7fa87194e991d35738780c96d474a	6e4784475df7fa87194e991d35738780c96d474a	present	historical-migration-inventory	migration-inventory
packages/database/migrations/0007_execution_runtime.sql	be9946df8a1eb4627b958b1f7820527916a53bc4	be9946df8a1eb4627b958b1f7820527916a53bc4	present	historical-migration-inventory	migration-inventory
packages/database/migrations/0008_identity_workspace.sql	c570a2aca6ed560e45988ea7bd89ae92ab899d6d	c570a2aca6ed560e45988ea7bd89ae92ab899d6d	present	historical-migration-inventory	migration-inventory
packages/database/migrations/0009_oidc_login_transactions.sql	4de2336aa2e69b193dfbfeb9c4f01784cb274bdd	4de2336aa2e69b193dfbfeb9c4f01784cb274bdd	present	historical-migration-inventory	migration-inventory
packages/database/migrations/0010_oidc_transaction_capacity.sql	8f5d63d13ec60bec6747d8ca6a45969d1aa47370	8f5d63d13ec60bec6747d8ca6a45969d1aa47370	present	historical-migration-inventory	migration-inventory
packages/database/migrations/0011_workspace_creation_idempotency.sql	a6977ee3393ccd3f471eb1e849ee1db73a9a5688	a6977ee3393ccd3f471eb1e849ee1db73a9a5688	present	historical-migration-inventory	migration-inventory
packages/database/migrations/0012_workflow_authoring.sql	73b15062c0fedda8cf361a357b5496db91af534a	73b15062c0fedda8cf361a357b5496db91af534a	present	historical-migration-inventory	migration-inventory
packages/database/migrations/0013_published_workflow_execution.sql	87f9c44389d07aaafd859487c37a02dd8562d364	87f9c44389d07aaafd859487c37a02dd8562d364	present	historical-migration-inventory	migration-inventory
packages/database/migrations/0014_execution_value_persistence.sql	b0c6a755498fae4f0c8c5cf27517ab7a2ce47d30	b0c6a755498fae4f0c8c5cf27517ab7a2ce47d30	present	historical-migration-inventory	migration-inventory
packages/database/migrations/0015_coordinator_run_store.sql	7f4d08d225030bbabb96b08b1751acf66967be73	7f4d08d225030bbabb96b08b1751acf66967be73	present	historical-migration-inventory	migration-inventory
packages/database/migrations/0016_engine_invocation_keys.sql	a36b555c7e345829e508bd64f1e80ff4dbfc69ed	a36b555c7e345829e508bd64f1e80ff4dbfc69ed	present	historical-migration-inventory	migration-inventory
packages/database/migrations/0017_node_compatibility_releases.sql	975251b3af4cac92a7b52f0301d370cdf684b47e	975251b3af4cac92a7b52f0301d370cdf684b47e	present	historical-migration-inventory	migration-inventory
packages/database/migrations/0018_phase3_core_executor_non_removal.sql	61281eb39229560852c495d4cf3ab3f65866085a	61281eb39229560852c495d4cf3ab3f65866085a	present	historical-migration-inventory	migration-inventory
packages/database/migrations/0019_node_compatibility_preactivation.sql	4075bad65a4b2533668f73e5a45a326d76db536e	4075bad65a4b2533668f73e5a45a326d76db536e	present	historical-migration-inventory	migration-inventory
packages/database/migrations/0020_connections.sql	7ec9feced11e4d292fdb7e1c6e82b2f6cf87c07f	7ec9feced11e4d292fdb7e1c6e82b2f6cf87c07f	present	historical-migration-inventory	migration-inventory
packages/database/migrations/0021_workflow_integration_usage.sql	5bfaa65afc4819f431988094a252df0db2834e76	5bfaa65afc4819f431988094a252df0db2834e76	present	historical-migration-inventory	migration-inventory
packages/database/migrations/0022_preview_execution.sql	23ec39bcacccf3f94ffce819f9d44ee86a22b1dd	23ec39bcacccf3f94ffce819f9d44ee86a22b1dd	present	historical-migration-inventory	migration-inventory
packages/database/migrations/0023_preview_artifact_ownership.sql	e868310babd5db94f1eee713f2d100b0a80419c3	e868310babd5db94f1eee713f2d100b0a80419c3	present	historical-migration-inventory	migration-inventory
packages/database/migrations/0024_preview_retention_cleanup.sql	1a5bc270dfe239817392b0ef8c955c60dfd8b63b	1a5bc270dfe239817392b0ef8c955c60dfd8b63b	present	historical-migration-inventory	migration-inventory
packages/database/migrations/0025_preview_cleanup_idempotency.sql	c3d891b61c69c53f744525739a179d1cfe58f6ce	c3d891b61c69c53f744525739a179d1cfe58f6ce	present	historical-migration-inventory	migration-inventory
packages/database/migrations/0026_preview_cleanup_terminal_guard.sql	79ae75fdd0ea52564490f3e222d8101976f6743a	79ae75fdd0ea52564490f3e222d8101976f6743a	present	historical-migration-inventory	migration-inventory
packages/database/migrations/0027_preview_terminal_facts.sql	85b5452814d5a0992dc64e5564694e9ab0a1e1b2	85b5452814d5a0992dc64e5564694e9ab0a1e1b2	present	historical-migration-inventory	migration-inventory
packages/database/migrations/0028_preview_terminal_fact_corrections.sql	a7345783ee39536dcdf99d9074102db59eebf9d2	a7345783ee39536dcdf99d9074102db59eebf9d2	present	historical-migration-inventory	migration-inventory
packages/database/migrations/0029_provider_idempotency_key_invariants.sql	be8f66ba24fb97bc0fb132e0cdb80c6dc8cdb08f	be8f66ba24fb97bc0fb132e0cdb80c6dc8cdb08f	present	historical-migration-inventory	migration-inventory
packages/database/migrations/0030_coordinator_retry_decisions.sql	0f503328dc459d83e232994bd82fccc79acabc84	0f503328dc459d83e232994bd82fccc79acabc84	present	historical-migration-inventory	migration-inventory
packages/database/migrations/0031_due_node_wakeups.sql	afef71d539b36008c7dfeda99b406b213537a59f	afef71d539b36008c7dfeda99b406b213537a59f	present	historical-migration-inventory	migration-inventory
packages/database/migrations/0032_for_each_barriers.sql	5847d55ee6506db9f78ee8a33ccf4459560f11eb	5847d55ee6506db9f78ee8a33ccf4459560f11eb	present	historical-migration-inventory	migration-inventory
packages/database/migrations/0033_durable_wait.sql	5b8cc9ec17cb4a73716f948904fc8140daaba038	5b8cc9ec17cb4a73716f948904fc8140daaba038	present	historical-migration-inventory	migration-inventory
packages/database/migrations/0034_run_failure_notifications.sql	65a06b2df3ee76aad1558de19400646e976dac86	65a06b2df3ee76aad1558de19400646e976dac86	present	historical-migration-inventory	migration-inventory
packages/database/migrations/0035_slack_bot_token_connections.sql	00c0ba6787413307b8eee9d4579cedc1615d80db	00c0ba6787413307b8eee9d4579cedc1615d80db	present	historical-migration-inventory	migration-inventory
packages/database/migrations/0036_resend_api_key_connections.sql	e609825687b6742120dce19304f6fd884532e8ec	e609825687b6742120dce19304f6fd884532e8ec	present	historical-migration-inventory	migration-inventory
packages/database/migrations/0037_failure_notification_destinations.sql	1b5dc687d8676eb83c87cae5fe7bea64dd8c8660	1b5dc687d8676eb83c87cae5fe7bea64dd8c8660	present	historical-migration-inventory	migration-inventory
packages/database/migrations/0038_execution_admission.sql	9dd2f7a01a7a386b4f601e4dd0e595fcdcd53f5f	9dd2f7a01a7a386b4f601e4dd0e595fcdcd53f5f	present	historical-migration-inventory	migration-inventory
packages/database/migrations/0039_webhook_triggers.sql	f20f65ec3ce95d75986372d8faec22f60420b9b7	f20f65ec3ce95d75986372d8faec22f60420b9b7	present	historical-migration-inventory	migration-inventory
packages/database/migrations/0040_schedule_triggers.sql	7a3b4a6a166d35de921d45cac4357fe8aab543c3	7a3b4a6a166d35de921d45cac4357fe8aab543c3	present	historical-migration-inventory	migration-inventory
packages/database/migrations/0041_trigger_hardening.sql	a773deaca38e63a46ce83d5bf7a21e7e0ce533c0	a773deaca38e63a46ce83d5bf7a21e7e0ce533c0	present	historical-migration-inventory	migration-inventory
packages/database/migrations/0042_worker_run_admission_lock.sql	4a98868391cfd4ee4c08c4cf241853bf4402bdb3	4a98868391cfd4ee4c08c4cf241853bf4402bdb3	present	historical-migration-inventory	migration-inventory
packages/database/migrations/0043_workflow_run_input_retention.sql	85dca8fc4e04b02f0341024d72dd83f8b1a6f47e	85dca8fc4e04b02f0341024d72dd83f8b1a6f47e	present	historical-migration-inventory	migration-inventory
packages/database/migrations/0044_retention_control_foundation.sql	28427a8f79e4d0a53a9267636e7bca2fc97af135	28427a8f79e4d0a53a9267636e7bca2fc97af135	present	historical-migration-inventory	migration-inventory
packages/database/migrations/0045_control_ledger_command_lock.sql	abaf8d530643434cfa990141449ef15b8e33a83f	abaf8d530643434cfa990141449ef15b8e33a83f	present	historical-migration-inventory	migration-inventory
packages/database/migrations/0046_workspace_deletion_control_projection.sql	81e381df9f4fc509de5d89f964250087cd39e528	81e381df9f4fc509de5d89f964250087cd39e528	present	historical-migration-inventory	migration-inventory
packages/database/migrations/0047_workspace_lifecycle_command_intents.sql	dc4077c1d78a3e40d85891abfaddeae50205d4a5	dc4077c1d78a3e40d85891abfaddeae50205d4a5	present	historical-migration-inventory	migration-inventory
packages/database/migrations/0048_workspace_lifecycle_command_hardening.sql	caec5c37e460d07c4209ec5e2f406da56d77e245	caec5c37e460d07c4209ec5e2f406da56d77e245	present	historical-migration-inventory	migration-inventory
packages/database/migrations/0049_workspace_deletion_side_effects.sql	0ba19918ef30eb8930d33139c7e41b80065f4bcf	0ba19918ef30eb8930d33139c7e41b80065f4bcf	present	historical-migration-inventory	migration-inventory
packages/database/migrations/0050_workspace_lifecycle_api_authority.sql	a8edd528aea489bf6e29f6f797281d17df70b942	a8edd528aea489bf6e29f6f797281d17df70b942	present	historical-migration-inventory	migration-inventory
packages/database/migrations/0051_workflow_run_input_retention_dry_run.sql	20b17040c304ef17f12bd9f528fc7c9c4b43e67d	20b17040c304ef17f12bd9f528fc7c9c4b43e67d	present	historical-migration-inventory	migration-inventory
packages/database/migrations/0052_workflow_run_input_retention_enforcement.sql	a421e4b63ebae7fd8bf151b7425dc1253a1f9f7d	a421e4b63ebae7fd8bf151b7425dc1253a1f9f7d	present	historical-migration-inventory	migration-inventory
packages/database/migrations/0053_preview_retention_enforcement.sql	a05791dc506108885647b0f53ac8d587c29c3f9f	a05791dc506108885647b0f53ac8d587c29c3f9f	present	historical-migration-inventory	migration-inventory
packages/database/migrations/0054_workflow_run_input_retention_scheduling.sql	8925b1338cf4cd0653153191395160471ac83f15	8925b1338cf4cd0653153191395160471ac83f15	present	historical-migration-inventory	migration-inventory
packages/database/migrations/0055_standard_retention_classes.sql	28b6dbfe15827fcc0b26256ea9260221971295f3	28b6dbfe15827fcc0b26256ea9260221971295f3	present	historical-migration-inventory	migration-inventory
packages/database/migrations/0056_workspace_purge_foundation.sql	a3167ea9fd4431f0ec2af05938025b489e2d92de	a3167ea9fd4431f0ec2af05938025b489e2d92de	present	historical-migration-inventory	migration-inventory
packages/database/migrations/0057_workspace_tenant_rows_purge.sql	9f4f0605ba5bc89c5e437650ce61872cb8564bce	9f4f0605ba5bc89c5e437650ce61872cb8564bce	present	historical-migration-inventory	migration-inventory
packages/database/migrations/0058_workspace_object_versions_purge.sql	b33c32262bdc93a36478a8d6fa071b162469ca8c	b33c32262bdc93a36478a8d6fa071b162469ca8c	present	historical-migration-inventory	migration-inventory
packages/database/migrations/0059_workspace_purge_completion.sql	0ae8a616180f6f8dcdfe541fbbfffe7a96aede51	0ae8a616180f6f8dcdfe541fbbfffe7a96aede51	present	historical-migration-inventory	migration-inventory
packages/database/migrations/0060_standard_retention_dry_run.sql	00d53e94031b2919f98751ba8152c8b749bfee59	00d53e94031b2919f98751ba8152c8b749bfee59	present	historical-migration-inventory	migration-inventory
packages/database/migrations/0061_operator_outbox_redispatch.sql	a7b4409f261e6c8c621a34518d64b3b989c9aa63	a7b4409f261e6c8c621a34518d64b3b989c9aa63	present	historical-migration-inventory	migration-inventory
packages/database/migrations/0062_operator_command_ledger.sql	f00192c5b83e55391f8826d0dcf77c5f91ddf6ce	f00192c5b83e55391f8826d0dcf77c5f91ddf6ce	present	historical-migration-inventory	migration-inventory
packages/database/migrations/0063_operator_execution_recovery.sql	7ff125e1811d4c1f8db7a4a2bb8eb927eabdb4ce	7ff125e1811d4c1f8db7a4a2bb8eb927eabdb4ce	present	historical-migration-inventory	migration-inventory
packages/database/migrations/0064_operator_trigger_reconciliation.sql	684ea556284067014a1874e3193e54da7908f8bd	684ea556284067014a1874e3193e54da7908f8bd	present	historical-migration-inventory	migration-inventory
packages/database/migrations/0065_operator_run_replay.sql	5f780bf0b152e880a4144f40212d9ee966036fba	5f780bf0b152e880a4144f40212d9ee966036fba	present	historical-migration-inventory	migration-inventory
packages/database/migrations/0066_operator_maintenance_rerun.sql	393ca2d786ce6184c91bb16498aaba11a69796fc	393ca2d786ce6184c91bb16498aaba11a69796fc	present	historical-migration-inventory	migration-inventory
packages/database/migrations/0067_reconcile_published_migration_repairs.sql	d789f1fe223fefc1f1a171812c60fb0f5a2905e2	d789f1fe223fefc1f1a171812c60fb0f5a2905e2	present	historical-migration-inventory	migration-inventory
packages/database/migrations/0068_restore_artifact_inventory.sql	3a3bfbe5c4ecb6cc6e26181be6123c8d6b9fa720	3a3bfbe5c4ecb6cc6e26181be6123c8d6b9fa720	present	historical-migration-inventory	migration-inventory
packages/database/migrations/0069_regional_write_admission.sql	b4d2ea9ca23bafefdb4e699567982fbe2adce325	b4d2ea9ca23bafefdb4e699567982fbe2adce325	present	historical-migration-inventory	migration-inventory
packages/database/migrations/0070_preview_execution_deadline.sql	5322d8eb47bf1bb1fbf57651349942c1fd083dc3	5322d8eb47bf1bb1fbf57651349942c1fd083dc3	present	historical-migration-inventory	migration-inventory
packages/database/migrations/0071_oidc_browser_binding.sql	ed5d5a26ccdaee7f1fd1d0717427a3a838d3fd34	ed5d5a26ccdaee7f1fd1d0717427a3a838d3fd34	present	historical-migration-inventory	migration-inventory
packages/database/migrations/0072_regional_replica_identity.sql	0eb4068b5662ff8d5a09df81a513f60a6b4e1e0a	0eb4068b5662ff8d5a09df81a513f60a6b4e1e0a	present	historical-migration-inventory	migration-inventory
packages/database/migrations/0073_transient_data_retention.sql	f340040496e02b910963fd96a77ffbcdf46119e7	f340040496e02b910963fd96a77ffbcdf46119e7	present	historical-migration-inventory	migration-inventory
packages/database/migrations/0074_retention_schedule_state_rls.sql	332e51f168e27bf1c8ae6f8ff473bcebf9194cd0	332e51f168e27bf1c8ae6f8ff473bcebf9194cd0	present	historical-migration-inventory	migration-inventory
packages/database/migrations/0075_workspace_purge_step_release.sql	c48bfdf20b087fa23c71e737d7c76c1adae82eb0	c48bfdf20b087fa23c71e737d7c76c1adae82eb0	present	historical-migration-inventory	migration-inventory
packages/database/migrations/0076_replay_lineage_retention.sql	fc8d289f470e9b40fcbd704cf74bd5c6e45a352f	fc8d289f470e9b40fcbd704cf74bd5c6e45a352f	present	historical-migration-inventory	migration-inventory
packages/database/migrations/0077_replay_read_locks.sql	8f256e82855b4614b36980667c0abbd31187a845	8f256e82855b4614b36980667c0abbd31187a845	present	historical-migration-inventory	migration-inventory
packages/database/migrations/0078_workflow_lifecycle_revision.sql	e4b86281a203aa562425d843cde4717063dedf44	e4b86281a203aa562425d843cde4717063dedf44	present	historical-migration-inventory	migration-inventory
packages/database/migrations/0079_artifact_upload_capacity.sql	af4d2252637e1dc5f1c26cc2b6390e28be19b988	af4d2252637e1dc5f1c26cc2b6390e28be19b988	present	historical-migration-inventory	migration-inventory
packages/database/migrations/0080_expired_artifact_upload_retention.sql	7dda38cd2b6dc7df78268c156b59efd56ed84fdc	7dda38cd2b6dc7df78268c156b59efd56ed84fdc	present	historical-migration-inventory	migration-inventory
packages/database/migrations/0081_schedule_claim_concurrency.sql	2ab306ed43f49bed9e99866ed3a112b73fd98c7d	2ab306ed43f49bed9e99866ed3a112b73fd98c7d	present	historical-migration-inventory	migration-inventory
packages/database/migrations/migration-execution-plan.json	87cc79e6f4842fc526a933d76d32dbe5cf79ea60	87cc79e6f4842fc526a933d76d32dbe5cf79ea60	present	full-body	adapter
packages/database/package.json	59f458ead944663c3f38308dc078bb63123a3d08	59f458ead944663c3f38308dc078bb63123a3d08	present	full-body	adapter
packages/database/raw-sql-table-registry.json	143fa48e823d0c2e8a816431e2af1604469a3167	143fa48e823d0c2e8a816431e2af1604469a3167	present	full-body	adapter
packages/database/src/api.ts	b5c3a1ac3b0df3ed67c257634080d520c4fbde9d	b5c3a1ac3b0df3ed67c257634080d520c4fbde9d	present	full-body	adapter
packages/database/src/authoring/testing.ts	2085c1a65dafbd29b9b296fe43bd25b280e2eb0c	2085c1a65dafbd29b9b296fe43bd25b280e2eb0c	present	full-body	adapter
packages/database/src/authoring/workflow-authoring-drafts.ts	90de1f604e2b1246f17b64708c66744085e12d32	90de1f604e2b1246f17b64708c66744085e12d32	present	full-body	adapter
packages/database/src/authoring/workflow-authoring-errors.ts	58b5c40905c3d814e1dc49ee7c405ddae5c6337c	58b5c40905c3d814e1dc49ee7c405ddae5c6337c	present	full-body	adapter
packages/database/src/authoring/workflow-authoring-lifecycle.ts	86761bba722de7a1246186e24e3befd0f87ea31e	86761bba722de7a1246186e24e3befd0f87ea31e	present	full-body	adapter
packages/database/src/authoring/workflow-authoring-reads.ts	2beb0f27500fd5bf7e78e8b87694b7805c18a386	2beb0f27500fd5bf7e78e8b87694b7805c18a386	present	full-body	adapter
packages/database/src/authoring/workflow-authoring-records.ts	eaf9b18c620ec6d1c0a089df2e4f38dac27e7fa9	eaf9b18c620ec6d1c0a089df2e4f38dac27e7fa9	present	full-body	adapter
packages/database/src/authoring/workflow-authoring-rows.ts	b1eaab5aa74a6ea0c98f8df92c5feda6428821ba	b1eaab5aa74a6ea0c98f8df92c5feda6428821ba	present	full-body	adapter
packages/database/src/authoring/workflow-authoring-types.ts	8218d0193cee02b4bbd8d162e66033cbfd513e65	8218d0193cee02b4bbd8d162e66033cbfd513e65	present	full-body	adapter
packages/database/src/authoring/workflow-authoring-version-restore.ts	931541389a58001ae72a002ab6a34a77e0a46dd4	931541389a58001ae72a002ab6a34a77e0a46dd4	present	full-body	adapter
packages/database/src/authoring/workflow-authoring.ts	5a874dd75c637233bc572b565c85b5be7ea4b3ef	5a874dd75c637233bc572b565c85b5be7ea4b3ef	present	full-body	adapter
packages/database/src/authoring/workflow-publication.ts	29e2898fdf9adb3c477142d2ad7899714860dfc6	29e2898fdf9adb3c477142d2ad7899714860dfc6	present	full-body	adapter
packages/database/src/authoring/workflow-trigger-reconciliation.ts	9203da90716df73cf699ce15ad32f9e872318e08	9203da90716df73cf699ce15ad32f9e872318e08	present	full-body	adapter
packages/database/src/compatibility/compatibility-release-maintenance.ts	fc3a68142145abe036c9e3d8bde67fe7fdf054ad	fc3a68142145abe036c9e3d8bde67fe7fdf054ad	present	full-body	adapter
packages/database/src/compatibility/compatibility-release-readiness.ts	8e1c57c41af17e1e06839bf3b15e534cb93a9b9e	8e1c57c41af17e1e06839bf3b15e534cb93a9b9e	present	full-body	adapter
packages/database/src/compatibility/compatibility-release.ts	ec5d4abcf8ae73b66b42fe055cf6f9adb0da2aa2	ec5d4abcf8ae73b66b42fe055cf6f9adb0da2aa2	present	full-body	adapter
packages/database/src/compatibility/persisted-workflow-checkpoint.ts	def68a9e724d6e5d276eb699cf0a1f9edac8055d	def68a9e724d6e5d276eb699cf0a1f9edac8055d	present	full-body	adapter
packages/database/src/compatibility/testing.ts	7037968033d48559468aa9d6bc36b42ce5368ea4	7037968033d48559468aa9d6bc36b42ce5368ea4	present	full-body	adapter
packages/database/src/config.ts	c687329beb415acb850e1c51adf1d5c11ada3311	c687329beb415acb850e1c51adf1d5c11ada3311	present	full-body	adapter
packages/database/src/connections/connection-health-persistence.ts	b513711cd4ed29c52741d8ec835d255ec83c19c4	b513711cd4ed29c52741d8ec835d255ec83c19c4	present	full-body	adapter
packages/database/src/connections/connection-management-persistence.ts	d7bd7341018d06f1e44128e43d34373122ea6556	d7bd7341018d06f1e44128e43d34373122ea6556	present	full-body	adapter
packages/database/src/connections/connection-persistence.ts	9afd5d2922e38a76f130132e4aaa317a541a28bb	9afd5d2922e38a76f130132e4aaa317a541a28bb	present	full-body	adapter
packages/database/src/connections/connection-resolution-persistence.ts	0b691136b9842506514339b769be8fc44d8a447d	0b691136b9842506514339b769be8fc44d8a447d	present	full-body	adapter
packages/database/src/connections/connection-secret-persistence.ts	2bc032c8f7154cf0153918eaa674f0ae9df5775f	2bc032c8f7154cf0153918eaa674f0ae9df5775f	present	full-body	adapter
packages/database/src/connections/connection-test-persistence.ts	c650539aab631010d13139547d2833123c48bdce	c650539aab631010d13139547d2833123c48bdce	present	full-body	adapter
packages/database/src/connections/connections.ts	84e623cf8bd2addc2147ca78c8e1374f7984b98e	84e623cf8bd2addc2147ca78c8e1374f7984b98e	present	full-body	adapter
packages/database/src/connections/testing.ts	3b9052afb04147e97f54c038cf02ad100832f737	3b9052afb04147e97f54c038cf02ad100832f737	present	full-body	adapter
packages/database/src/connections/workflow-integration-usage.ts	a663b27d83863697ec4bcae821c5187add7bf599	a663b27d83863697ec4bcae821c5187add7bf599	present	full-body	adapter
packages/database/src/database.ts	9ee6b7c34a18845c2481a0b967873d80e2493adf	9ee6b7c34a18845c2481a0b967873d80e2493adf	present	full-body	adapter
packages/database/src/execution.ts	2b4b40c9fe4564f495dc230cf15d9b1a41a72d45	2b4b40c9fe4564f495dc230cf15d9b1a41a72d45	present	full-body	adapter
packages/database/src/execution/artifact-upload-contract.ts	90fb14893705f86286c05b2c7a7d8d38a842dfb7	90fb14893705f86286c05b2c7a7d8d38a842dfb7	present	full-body	adapter
packages/database/src/execution/artifact-upload.ts	9e17ac92ed11f17871f20a8b82143cba4205aee8	9e17ac92ed11f17871f20a8b82143cba4205aee8	present	full-body	adapter
packages/database/src/execution/artifacts.ts	b19da5abfad5aafdd62dfc312ba907641f451c1b	b19da5abfad5aafdd62dfc312ba907641f451c1b	present	full-body	adapter
packages/database/src/execution/coordinator-run-store-commit-state.ts	8c6ded5340a0f241300c6cd0725f2a5aeab1aa19	8c6ded5340a0f241300c6cd0725f2a5aeab1aa19	present	full-body	adapter
packages/database/src/execution/coordinator-run-store-commit.ts	9b18a1f4baa39b41db819f1aa867b2a84c9f4a96	9b18a1f4baa39b41db819f1aa867b2a84c9f4a96	present	full-body	adapter
packages/database/src/execution/coordinator-run-store-contract.ts	6dfa8c3e81d50a3d08f6c1d31642ee69aa13c8aa	6dfa8c3e81d50a3d08f6c1d31642ee69aa13c8aa	present	full-body	adapter
packages/database/src/execution/coordinator-run-store-delivery.ts	7a506a2aef911b797e6bf09793fcda1e53ec67cd	7a506a2aef911b797e6bf09793fcda1e53ec67cd	present	full-body	adapter
packages/database/src/execution/coordinator-run-store-execution.ts	3c975c77637d116fb34729b01e3bf1d1e0909611	3c975c77637d116fb34729b01e3bf1d1e0909611	present	full-body	adapter
packages/database/src/execution/coordinator-run-store-fact-physical-state.ts	87bb495eaf52ee7582a946011a2136dc2328c97f	87bb495eaf52ee7582a946011a2136dc2328c97f	present	full-body	adapter
packages/database/src/execution/coordinator-run-store-observations.ts	a82c172ebbc2e85192645cc02e2b917c473e5efe	a82c172ebbc2e85192645cc02e2b917c473e5efe	present	full-body	adapter
packages/database/src/execution/coordinator-run-store-physical-state.ts	d4593c8304418845de7ee78622f71a1371365f83	d4593c8304418845de7ee78622f71a1371365f83	present	full-body	adapter
packages/database/src/execution/coordinator-run-store-plan-validation.ts	f862ce01b9e8cfebb05e4bd173c4be757af430d1	f862ce01b9e8cfebb05e4bd173c4be757af430d1	present	full-body	adapter
packages/database/src/execution/coordinator-run-store-plan.ts	40356240028c8efe482264db27dfeb1594689631	40356240028c8efe482264db27dfeb1594689631	present	full-body	adapter
packages/database/src/execution/coordinator-run-store-run-transition.ts	37af4c11e599c318e789a5939a2efe2f417c873b	37af4c11e599c318e789a5939a2efe2f417c873b	present	full-body	adapter
packages/database/src/execution/coordinator-run-store-settlement.ts	916e2854018f55b08790054600ee1140759896f0	916e2854018f55b08790054600ee1140759896f0	present	full-body	adapter
packages/database/src/execution/coordinator-run-store-status-validation.ts	db478ad038bbf5dad6bc99c8ee67d5997c745dca	db478ad038bbf5dad6bc99c8ee67d5997c745dca	present	full-body	adapter
packages/database/src/execution/coordinator-run-store-terminal.ts	f904f92432808556c0c4f08a2f88ae31eadfb11d	f904f92432808556c0c4f08a2f88ae31eadfb11d	present	full-body	adapter
packages/database/src/execution/coordinator-run-store-transactions.ts	461a744e14dd84b4966ee8043ca16179a24bd636	461a744e14dd84b4966ee8043ca16179a24bd636	present	full-body	adapter
packages/database/src/execution/coordinator-run-store-validation-values.ts	b1c9de0d8a99ef7e949783625e981b343d442370	b1c9de0d8a99ef7e949783625e981b343d442370	present	full-body	adapter
packages/database/src/execution/coordinator-run-store.ts	9f194e58e0de823bc26f71bd1cbc7de715d4a17d	9f194e58e0de823bc26f71bd1cbc7de715d4a17d	present	full-body	adapter
packages/database/src/execution/deadline-wakeup-scanner.ts	8158ad9495ea3a1d3794207413dc9f3ef506bd85	8158ad9495ea3a1d3794207413dc9f3ef506bd85	present	full-body	adapter
packages/database/src/execution/dispatcher-rows.ts	2666b15f1092cabb315a63fc2176a4fa610d409b	2666b15f1092cabb315a63fc2176a4fa610d409b	present	full-body	adapter
packages/database/src/execution/dispatcher.ts	42bdb9e6d043b1f307ecb0e5fa7703f277573bb5	42bdb9e6d043b1f307ecb0e5fa7703f277573bb5	present	full-body	adapter
packages/database/src/execution/due-node-wakeup-scanner.ts	6c5399749b0aaa24d66331e2868724e433b6fc07	6c5399749b0aaa24d66331e2868724e433b6fc07	present	full-body	adapter
packages/database/src/execution/execution-acceptance.ts	da49e4043ed01efbecf529e580c880ec4faf3de6	da49e4043ed01efbecf529e580c880ec4faf3de6	present	full-body	adapter
packages/database/src/execution/execution-state.ts	986e4b7c78a08a863cfc712e34c72d0fb4fca24f	986e4b7c78a08a863cfc712e34c72d0fb4fca24f	present	full-body	adapter
packages/database/src/execution/failure-notification-completion-store.ts	dff297e9bfbffb895ad995be72603a505fb368f0	dff297e9bfbffb895ad995be72603a505fb368f0	present	full-body	adapter
packages/database/src/execution/failure-notification-destination-errors.ts	39cb642f369bde7c5de668ae5b4bc789c538c9b0	39cb642f369bde7c5de668ae5b4bc789c538c9b0	present	full-body	adapter
packages/database/src/execution/failure-notification-destination-store.ts	815ca70acd9f525241afe218618a92955b355c4d	815ca70acd9f525241afe218618a92955b355c4d	present	full-body	adapter
packages/database/src/execution/failure-notification-destinations.ts	558624dd49b66e3db6e19fd169a3b8efac6f2771	558624dd49b66e3db6e19fd169a3b8efac6f2771	present	full-body	adapter
packages/database/src/execution/failure-notification-errors.ts	a3f188518e62835ca2d1cd944f6349dbee1fa46c	a3f188518e62835ca2d1cd944f6349dbee1fa46c	present	full-body	adapter
packages/database/src/execution/failure-notification-store-support.ts	1f0395e87af56e6d8e77fe4ddbdc7357bced6466	1f0395e87af56e6d8e77fe4ddbdc7357bced6466	present	full-body	adapter
packages/database/src/execution/failure-notifications.ts	320c4f311179b70e078340d408bd1ccb36363221	320c4f311179b70e078340d408bd1ccb36363221	present	full-body	adapter
packages/database/src/execution/inbox.ts	c1a7a6d2b4d5cc03f477febb13446ef4230e6727	c1a7a6d2b4d5cc03f477febb13446ef4230e6727	present	full-body	adapter
packages/database/src/execution/node-attempt-run-store-claim.ts	2790829d730d22fd34d85f55714658975253af1b	2790829d730d22fd34d85f55714658975253af1b	present	full-body	adapter
packages/database/src/execution/node-attempt-run-store-completion.ts	c766f2fa55e09c79490a7fea9592c3206c3b8957	c766f2fa55e09c79490a7fea9592c3206c3b8957	present	full-body	adapter
packages/database/src/execution/node-attempt-run-store-contract.ts	271f96c379092b9807c8fb590fe6a0743804570c	271f96c379092b9807c8fb590fe6a0743804570c	present	full-body	adapter
packages/database/src/execution/node-attempt-run-store-delivery.ts	383c3521b1dddf53918d94e1f3e194db8400a97f	383c3521b1dddf53918d94e1f3e194db8400a97f	present	full-body	adapter
packages/database/src/execution/node-attempt-run-store-dispatch.ts	5973b3c5894ae84ba8c26f381f1e237d7aa9407f	5973b3c5894ae84ba8c26f381f1e237d7aa9407f	present	full-body	adapter
packages/database/src/execution/node-attempt-run-store-heartbeat.ts	6641e76dd1b6b519633806960f1fca7c6c77192b	6641e76dd1b6b519633806960f1fca7c6c77192b	present	full-body	adapter
packages/database/src/execution/node-attempt-run-store-inputs.ts	4780ce64b0ac057ffd5c62913d95679b4e96916d	4780ce64b0ac057ffd5c62913d95679b4e96916d	present	full-body	adapter
packages/database/src/execution/node-attempt-run-store-outcomes.ts	82767c593ec5cb37fb32a60ca0d4b9ff2eab3105	82767c593ec5cb37fb32a60ca0d4b9ff2eab3105	present	full-body	adapter
packages/database/src/execution/node-attempt-run-store-transactions.ts	1c36726207e7c343407c1e313cd357e90b500bc6	1c36726207e7c343407c1e313cd357e90b500bc6	present	full-body	adapter
packages/database/src/execution/node-attempt-run-store.ts	bf1e37fd54e0582106abb8a06f42fcf3e878840a	bf1e37fd54e0582106abb8a06f42fcf3e878840a	present	full-body	adapter
packages/database/src/execution/outbox.ts	0e8f0d1a00858abb6bcc2a47754080023480d610	0e8f0d1a00858abb6bcc2a47754080023480d610	present	full-body	adapter
packages/database/src/execution/preview-execution-acceptance.ts	c6b2c6902457ac29b2a213b20be676454446f657	c6b2c6902457ac29b2a213b20be676454446f657	present	full-body	adapter
packages/database/src/execution/preview-execution-claim.ts	30e3d3b580e07da8f74eac771ebefbceabf9c020	30e3d3b580e07da8f74eac771ebefbceabf9c020	present	full-body	adapter
packages/database/src/execution/preview-execution-completion.ts	35cf59cf2e5b22ac4af4596fc93ca94b1893244f	35cf59cf2e5b22ac4af4596fc93ca94b1893244f	present	full-body	adapter
packages/database/src/execution/preview-execution-contract.ts	cb6cdacb00961c1dea12d95e8df492e6816877bc	cb6cdacb00961c1dea12d95e8df492e6816877bc	present	full-body	adapter
packages/database/src/execution/preview-execution-delivery.ts	4b50a505f9754b7422b7cb694e7fbe9135d6791c	4b50a505f9754b7422b7cb694e7fbe9135d6791c	present	full-body	adapter
packages/database/src/execution/preview-execution-dispatch.ts	ebac47315c78004d65876599f597c156884950cd	ebac47315c78004d65876599f597c156884950cd	present	full-body	adapter
packages/database/src/execution/preview-execution-heartbeat.ts	455994b1eb8e91fff9ba6737e7795546398cc226	455994b1eb8e91fff9ba6737e7795546398cc226	present	full-body	adapter
packages/database/src/execution/preview-execution-reconciliation.ts	b108ac6eeacb5afb8a68b39575ca7ecd7724ac2c	b108ac6eeacb5afb8a68b39575ca7ecd7724ac2c	present	full-body	adapter
packages/database/src/execution/preview-execution.ts	e4e06dc4e73123b6df0c95e3623344ce467fa104	e4e06dc4e73123b6df0c95e3623344ce467fa104	present	full-body	adapter
packages/database/src/execution/published-workflow-reader.ts	a987c40fbe0a187692da967e02a9ade6a28b4cad	a987c40fbe0a187692da967e02a9ade6a28b4cad	present	full-body	adapter
packages/database/src/execution/run-events.ts	71b06e1bc1a683327bc13d62872dc5b0f98cc8f3	71b06e1bc1a683327bc13d62872dc5b0f98cc8f3	present	full-body	adapter
packages/database/src/execution/stored-execution-value.ts	0b11de38d69708b531dd4e8a11ab7495ee833c7a	0b11de38d69708b531dd4e8a11ab7495ee833c7a	present	full-body	adapter
packages/database/src/execution/testing.ts	da37f0eee7a12a91b7ba6dc8a1c9f0bc215a5c30	da37f0eee7a12a91b7ba6dc8a1c9f0bc215a5c30	present	full-body	adapter
packages/database/src/execution/unknown-outcome-reconciliation.ts	71eb445a05bd0dad0408d09bff3c50a855bfd59e	71eb445a05bd0dad0408d09bff3c50a855bfd59e	present	full-body	adapter
packages/database/src/execution/workflow-run-api.ts	b90fb9639c0603c67478520b9221fd89467626b3	b90fb9639c0603c67478520b9221fd89467626b3	present	full-body	adapter
packages/database/src/execution/workflow-run-cancellation.ts	a10db89ca7514acc5462c0e0fac4b6bd19e35218	a10db89ca7514acc5462c0e0fac4b6bd19e35218	present	full-body	adapter
packages/database/src/execution/workflow-run-errors.ts	8a1a22e107e31ec16c8f3a0e2a1fd8b077551d78	8a1a22e107e31ec16c8f3a0e2a1fd8b077551d78	present	full-body	adapter
packages/database/src/execution/workflow-run-persistence-support.ts	a71ad416e306a51b3202a50f689c614104d427b9	a71ad416e306a51b3202a50f689c614104d427b9	present	full-body	adapter
packages/database/src/execution/workflow-run-replay.ts	d6055e81979dbd5512f725a7f889f6e006e7ecb3	d6055e81979dbd5512f725a7f889f6e006e7ecb3	present	full-body	adapter
packages/database/src/lifecycle.ts	a458d89c58f6e178559379067b4a3e304dbcf2d7	a458d89c58f6e178559379067b4a3e304dbcf2d7	present	full-body	adapter
packages/database/src/lifecycle/control-ledger-coordinator.ts	abadbc8e856987136230fd8b34d69e2b19b9db39	abadbc8e856987136230fd8b34d69e2b19b9db39	present	full-body	adapter
packages/database/src/lifecycle/control-ledger-errors.ts	6eec8e6e0287deef4a89a7fd3efc6c7550dd124e	6eec8e6e0287deef4a89a7fd3efc6c7550dd124e	present	full-body	adapter
packages/database/src/lifecycle/control-ledger-postgres.ts	4130a28255de5e9f7255b834644c5182552d23ae	4130a28255de5e9f7255b834644c5182552d23ae	present	full-body	adapter
packages/database/src/lifecycle/control-ledger-read-side.ts	63992bf1f40e5f9f459bbe699585ace16c3f8cf3	63992bf1f40e5f9f459bbe699585ace16c3f8cf3	present	full-body	adapter
packages/database/src/lifecycle/preview-cleanup.ts	41d0127268b26fa402db435774ad132963a457f8	41d0127268b26fa402db435774ad132963a457f8	present	full-body	adapter
packages/database/src/lifecycle/preview-retention.ts	408e1fdfd38a7711bf71e32e99296e32ec85de2f	408e1fdfd38a7711bf71e32e99296e32ec85de2f	present	full-body	adapter
packages/database/src/lifecycle/retention-transaction.ts	607cf1e4bf758937f63846226dbc37d41057523c	607cf1e4bf758937f63846226dbc37d41057523c	present	full-body	adapter
packages/database/src/lifecycle/retention.ts	9eda30e77e653210458f11c703dfb43cdb8c45de	9eda30e77e653210458f11c703dfb43cdb8c45de	present	full-body	adapter
packages/database/src/lifecycle/run-artifact-retention.ts	ed6f558448db76f9769d573c4ec644e7f06a5c6e	ed6f558448db76f9769d573c4ec644e7f06a5c6e	present	full-body	adapter
packages/database/src/lifecycle/testing.ts	64b612fa92548e1e460e08f2cf56049bcb5c235e	64b612fa92548e1e460e08f2cf56049bcb5c235e	present	full-body	adapter
packages/database/src/lifecycle/transient-data-retention.ts	9e9f51a0d5815be9eeef10ce6c8f4d7ca713f4af	9e9f51a0d5815be9eeef10ce6c8f4d7ca713f4af	present	full-body	adapter
packages/database/src/lifecycle/workspace-lifecycle-commands.ts	089b7a7f2960f9b7e17af9398183257ac5a2572b	089b7a7f2960f9b7e17af9398183257ac5a2572b	present	full-body	adapter
packages/database/src/lifecycle/workspace-purge.ts	70973603c41eefd6d14c309f9a6b6b911ff9624f	70973603c41eefd6d14c309f9a6b6b911ff9624f	present	full-body	adapter
packages/database/src/maintenance.ts	38b41f1521383a69e110e334493d879315b0c43c	38b41f1521383a69e110e334493d879315b0c43c	present	full-body	adapter
packages/database/src/migrate.ts	23ba50ea58f0d54d8cd24f2ecbeee61ea9b0b50a	23ba50ea58f0d54d8cd24f2ecbeee61ea9b0b50a	present	full-body	adapter
packages/database/src/migration-execution-plan.ts	3b6fa1a19601017a92cf5d6919c47b29e24d4e6e	3b6fa1a19601017a92cf5d6919c47b29e24d4e6e	present	full-body	adapter
packages/database/src/migrations.ts	c7066a2a70b7ad95544ed51262bd1905b5f6124a	c7066a2a70b7ad95544ed51262bd1905b5f6124a	present	full-body	adapter
packages/database/src/operator.ts	5192c4b912ab30085576c04bb1175b18c2e398ca	5192c4b912ab30085576c04bb1175b18c2e398ca	present	full-body	adapter
packages/database/src/operator/operator-command-errors.ts	b3c28928667978777f2784d451a2c652b3003f94	b3c28928667978777f2784d451a2c652b3003f94	present	full-body	adapter
packages/database/src/operator/operator-command-runtime.ts	f6cbd9df905e8db9da4516d0f16cb72cb5a65133	f6cbd9df905e8db9da4516d0f16cb72cb5a65133	present	full-body	adapter
packages/database/src/operator/operator-commands.ts	5554d1bd9a0b8e0c02f8d5215d88920b9b52d8f7	5554d1bd9a0b8e0c02f8d5215d88920b9b52d8f7	present	full-body	adapter
packages/database/src/operator/operator-run-replay.ts	3664f24ebd559a49ccc3450085f6afd284444712	3664f24ebd559a49ccc3450085f6afd284444712	present	full-body	adapter
packages/database/src/operator/testing.ts	d8c854a7d2d7b21ef952e25645d7b59fa708f4c9	d8c854a7d2d7b21ef952e25645d7b59fa708f4c9	present	full-body	adapter
packages/database/src/platform/database-runtime.ts	5ce0fc8ba2fb68f35a5310904c13a138993e9530	5ce0fc8ba2fb68f35a5310904c13a138993e9530	present	full-body	adapter
packages/database/src/platform/persisted-id.ts	ac5b94c4e960a14319b8d90471eb7ce30541d1c6	ac5b94c4e960a14319b8d90471eb7ce30541d1c6	present	full-body	adapter
packages/database/src/platform/postgres-pool-policy.ts	d4366622afd2cabc08363c80c034ef3400489966	d4366622afd2cabc08363c80c034ef3400489966	present	full-body	adapter
packages/database/src/platform/postgres-telemetry.ts	5a06b3900d81ebc441dd9fb187e87e598dc7bfbd	5a06b3900d81ebc441dd9fb187e87e598dc7bfbd	present	full-body	adapter
packages/database/src/platform/readiness-artifact-capacity.sql.ts	76afcfa8d12c2f60f7c5938e910a86c0fff40036	76afcfa8d12c2f60f7c5938e910a86c0fff40036	present	full-body	adapter
packages/database/src/platform/readiness-probe-1.sql.ts	a0bf4e244173851499604635361d4d03b380ad4d	a0bf4e244173851499604635361d4d03b380ad4d	present	full-body	adapter
packages/database/src/platform/readiness-probe-2.sql.ts	7be1b7e9a7a5be9f5a125725282c3b73f5f7195c	7be1b7e9a7a5be9f5a125725282c3b73f5f7195c	present	full-body	adapter
packages/database/src/platform/readiness-probe-3.sql.ts	5f0dda36f06cdc1dba51cc560f95d27d2087db5c	5f0dda36f06cdc1dba51cc560f95d27d2087db5c	present	full-body	adapter
packages/database/src/platform/readiness-probe-4.sql.ts	ccd40be5d97b8c3a3d82d16e7fa0becb541a0ffb	ccd40be5d97b8c3a3d82d16e7fa0becb541a0ffb	present	full-body	adapter
packages/database/src/platform/readiness-probe-sql.ts	11e9c08b7e6d28d7736b8b8bf67408af86fa4f75	11e9c08b7e6d28d7736b8b8bf67408af86fa4f75	present	full-body	adapter
packages/database/src/platform/readiness-probe.ts	fb1ebc9ec93838e6cecc362a2b5a4a510cf2e35d	fb1ebc9ec93838e6cecc362a2b5a4a510cf2e35d	present	full-body	adapter
packages/database/src/platform/readiness.ts	2fd892226f9fa9de84c61599c5c6134d56cd742c	2fd892226f9fa9de84c61599c5c6134d56cd742c	present	full-body	adapter
packages/database/src/recovery.ts	abaef9c7873865bc72a4521e1f50fe29f30bcf23	abaef9c7873865bc72a4521e1f50fe29f30bcf23	present	full-body	adapter
packages/database/src/schema.ts	2dcf8a601739074671da6a36d5544824e124dab1	2dcf8a601739074671da6a36d5544824e124dab1	present	full-body	adapter
packages/database/src/schema/app-schema.ts	84761225463a455dc46f5c814ea12c44e5d9c6d3	84761225463a455dc46f5c814ea12c44e5d9c6d3	present	full-body	adapter
packages/database/src/schema/authoring.ts	9f3bcca57b78dd8d1c76f9e80e63a2107d173bd7	9f3bcca57b78dd8d1c76f9e80e63a2107d173bd7	present	full-body	adapter
packages/database/src/schema/compatibility.ts	e9ac9fc668c8b1017eec917686a53f446a6921dc	e9ac9fc668c8b1017eec917686a53f446a6921dc	present	full-body	adapter
packages/database/src/schema/connections.ts	8572b4e7c5808c795da41c4011280089b2691ded	8572b4e7c5808c795da41c4011280089b2691ded	present	full-body	adapter
packages/database/src/schema/execution-support.ts	1e7faf13813f7f7d9333acb11f632f74390afdec	1e7faf13813f7f7d9333acb11f632f74390afdec	present	full-body	adapter
packages/database/src/schema/execution.ts	6004d1edfdfb29a4a50bb6644762bd6820a314a3	6004d1edfdfb29a4a50bb6644762bd6820a314a3	present	full-body	adapter
packages/database/src/schema/foundation.ts	19f8826a6740113085556c7367f4fe1812083a0d	19f8826a6740113085556c7367f4fe1812083a0d	present	full-body	adapter
packages/database/src/schema/retention.ts	d3e8ccc4266b3dc2fa2ea73d5cffa18c47b9f72a	d3e8ccc4266b3dc2fa2ea73d5cffa18c47b9f72a	present	full-body	adapter
packages/database/src/schema/transport.ts	0642977be09735efa8f5f7fddd52aea694ef1e60	0642977be09735efa8f5f7fddd52aea694ef1e60	present	full-body	adapter
packages/database/src/schema/triggers.ts	5e675972d508069ca81c1493d99126805b13476d	5e675972d508069ca81c1493d99126805b13476d	present	full-body	adapter
packages/database/src/tenant-access/identity-workspace-errors.ts	db17cfcbde8585f9f352a3cb55697cff22ffaedc	db17cfcbde8585f9f352a3cb55697cff22ffaedc	present	full-body	adapter
packages/database/src/tenant-access/identity-workspace-identity-store.ts	ad7227ddafd0360c933ea02b78343967b94b2b74	ad7227ddafd0360c933ea02b78343967b94b2b74	present	full-body	adapter
packages/database/src/tenant-access/identity-workspace-rows.ts	b6ca15d92fab2a8f52548d89e0ff3e7fd30e2d7b	b6ca15d92fab2a8f52548d89e0ff3e7fd30e2d7b	present	full-body	adapter
packages/database/src/tenant-access/identity-workspace-session-store.ts	5e97d365ed0068f8485a98a4b43d62787dfe6264	5e97d365ed0068f8485a98a4b43d62787dfe6264	present	full-body	adapter
packages/database/src/tenant-access/identity-workspace-support.ts	6998ab9d283f13c3e6a0869d22a692996f217f15	6998ab9d283f13c3e6a0869d22a692996f217f15	present	full-body	adapter
packages/database/src/tenant-access/identity-workspace.ts	bf80edf900ab8d0b10cbe36cf3497f3db5ed27ee	bf80edf900ab8d0b10cbe36cf3497f3db5ed27ee	present	full-body	adapter
packages/database/src/tenant-access/oidc-login-transactions.ts	aea397c75765bbf10a08e01892a31b9e69097ad9	aea397c75765bbf10a08e01892a31b9e69097ad9	present	full-body	adapter
packages/database/src/tenant-access/testing.ts	2d2300520ed1f89a24ad28ea44b5d40d900cf258	2d2300520ed1f89a24ad28ea44b5d40d900cf258	present	full-body	adapter
packages/database/src/tenant-access/workspace-policy.ts	6924a4f22c354cbf4adbd7045c280609d856c1eb	6924a4f22c354cbf4adbd7045c280609d856c1eb	present	full-body	adapter
packages/database/src/tenant-access/workspace.ts	128ac1f830197d44189bf9335be30eab904fe4ca	128ac1f830197d44189bf9335be30eab904fe4ca	present	full-body	adapter
packages/database/src/testing.ts	07e77cd5cd793d0f51c5b44407976045a5f6c8b7	07e77cd5cd793d0f51c5b44407976045a5f6c8b7	present	full-body	adapter
packages/database/src/triggers/schedule-recurrence.ts	1046b3552848adb2301f3b4953622fe7833afcb1	1046b3552848adb2301f3b4953622fe7833afcb1	present	full-body	adapter
packages/database/src/triggers/schedule-trigger-database.ts	ad9af4816e217ee31d769c0b1c4c47868b81e896	ad9af4816e217ee31d769c0b1c4c47868b81e896	present	full-body	adapter
packages/database/src/triggers/schedule-trigger-errors.ts	df8651b5ab30c08c3f248e77d78005534e7976d3	df8651b5ab30c08c3f248e77d78005534e7976d3	present	full-body	adapter
packages/database/src/triggers/schedule-trigger-scanner.ts	b05c621f65fecffd6a4e43b6d4cbfc83caab234f	b05c621f65fecffd6a4e43b6d4cbfc83caab234f	present	full-body	adapter
packages/database/src/triggers/schedule-triggers.ts	6c24a47bed803e9360efa0a274a169709498ab51	6c24a47bed803e9360efa0a274a169709498ab51	present	full-body	adapter
packages/database/src/triggers/testing.ts	84c3ecd06b2befbfa6bd51aba0a5800254d0a191	84c3ecd06b2befbfa6bd51aba0a5800254d0a191	present	full-body	adapter
packages/database/src/triggers/trigger-management-access.ts	40841d71c0190873542f5778605480882c73eb18	40841d71c0190873542f5778605480882c73eb18	present	full-body	adapter
packages/database/src/triggers/webhook-triggers.ts	25ee961277f912398656e9b078d485ce05861a7c	25ee961277f912398656e9b078d485ce05861a7c	present	full-body	adapter
packages/database/src/triggers/workflow-trigger-activation.ts	1fc54e0ebe7645c0a5c61dadc56c295d1b02e859	1fc54e0ebe7645c0a5c61dadc56c295d1b02e859	present	full-body	adapter
packages/database/src/triggers/workflow-trigger-errors.ts	b9b42b8b9cb098f7ea9ce6b7339a2e233721d9a7	b9b42b8b9cb098f7ea9ce6b7339a2e233721d9a7	present	full-body	adapter
packages/database/src/triggers/workflow-trigger-health.ts	210efe91f6a26189affe982b4248218cba36cbe8	210efe91f6a26189affe982b4248218cba36cbe8	present	full-body	adapter
packages/database/src/triggers/workflow-trigger-materialization.ts	134d46179fb28e88fab2c9e8db882d2fb6478357	134d46179fb28e88fab2c9e8db882d2fb6478357	present	full-body	adapter
packages/database/src/triggers/workflow-trigger-projection.ts	008966ac70300e9710cda2f9341a60c1c2047fb1	008966ac70300e9710cda2f9341a60c1c2047fb1	present	full-body	adapter
packages/database/src/triggers/workflow-triggers.ts	d683f58b2cf5a5492ba9a3ca0de703c37295d7d2	d683f58b2cf5a5492ba9a3ca0de703c37295d7d2	present	full-body	adapter
packages/database/src/validation/persisted-primitives.ts	8e2c701867aaa75b62f27d072211faf0f0af1e7a	8e2c701867aaa75b62f27d072211faf0f0af1e7a	present	full-body	adapter
packages/database/test/artifact-capacity-readiness.integration.test.ts	f774d5df4cf5ab7beb340460b9bb4e996be4096e	f774d5df4cf5ab7beb340460b9bb4e996be4096e	present	full-body	primary,adapter
packages/database/test/artifact-upload.integration.test.ts	2b04ac2ea9b9c43b25763aa3a534e5d6cadefb0a	2b04ac2ea9b9c43b25763aa3a534e5d6cadefb0a	present	full-body	primary,adapter
packages/database/test/artifacts.integration.test.ts	8c253818dd2c770e073d55dc2f8cf877de588515	8c253818dd2c770e073d55dc2f8cf877de588515	present	full-body	primary,adapter
packages/database/test/baseline-compatibility-fixture.ts	a288aa2ddfffcdd4b43a3586d831bddfcddd4b88	a288aa2ddfffcdd4b43a3586d831bddfcddd4b88	present	full-body	primary,adapter
packages/database/test/compatibility-release.integration.test.ts	25509416539f81c2dddb6c490c8a1400c00d2a56	25509416539f81c2dddb6c490c8a1400c00d2a56	present	full-body	primary,adapter
packages/database/test/compatibility-release.test.ts	249734d6b1b36f5838c6cacf204b542d3a584392	288126ccab5e240ca8b760605519ed4c65e996b3	present	full-body	primary,adapter
packages/database/test/config.test.ts	793a2ae2135399c6bc22252399e54cad38ae65b3	793a2ae2135399c6bc22252399e54cad38ae65b3	present	full-body	primary,adapter
packages/database/test/connection-tests.integration.test.ts	699c4aafe2eef7c03d6498c3ba4d4dafd43fb06b	699c4aafe2eef7c03d6498c3ba4d4dafd43fb06b	present	full-body	primary,adapter
packages/database/test/connections-compatibility.integration.test.ts	2f3a48f943073d19637af0d927e07dca305009a5	2f3a48f943073d19637af0d927e07dca305009a5	present	full-body	primary,adapter
packages/database/test/connections-concurrency-security.integration.test.ts	77bac347d6d7e88780ce871ed92a343d6af0a181	77bac347d6d7e88780ce871ed92a343d6af0a181	present	full-body	primary,adapter
packages/database/test/connections-lifecycle.integration.test.ts	b35a1ec52b573c718eda8a27b1ba19b739fb5a32	b35a1ec52b573c718eda8a27b1ba19b739fb5a32	present	full-body	primary,adapter
packages/database/test/control-ledger-command-lock-migration.test.ts	d3664ba97e5bd87282633bfaf4efe3279245f6bd	3e89290a13c78802ad247693b2227d51fe3eac95	present	full-body	primary,adapter
packages/database/test/control-ledger-coordinator-part-2.integration.test.ts	1962b4accf2af1e660cbf2b23fb45fd21a2e4f0b	1962b4accf2af1e660cbf2b23fb45fd21a2e4f0b	present	full-body	primary,adapter
packages/database/test/control-ledger-coordinator.integration.test.ts	41ae6b69ee6ad04726de92ddb88c2228ef9ba3ab	41ae6b69ee6ad04726de92ddb88c2228ef9ba3ab	present	full-body	primary,adapter
packages/database/test/control-ledger-coordinator.test.ts	c99022bf311de36e4669508a17c88da95d35be89	c99022bf311de36e4669508a17c88da95d35be89	present	full-body	primary,adapter
packages/database/test/coordinator-retry-migration.test.ts	146915a48230c15723be45beb3d0b2ff4823bf64	146915a48230c15723be45beb3d0b2ff4823bf64	present	full-body	primary,adapter
packages/database/test/coordinator-run-store-cas.integration.test.ts	aa80a684bd90f8e0a789b8bfaed62f0215b08ad8	aa80a684bd90f8e0a789b8bfaed62f0215b08ad8	present	full-body	adapter
packages/database/test/coordinator-run-store-commit-output.integration.test.ts	6776df09d72500a41dd1d21012b95a6cd3a3f671	6776df09d72500a41dd1d21012b95a6cd3a3f671	present	full-body	adapter
packages/database/test/coordinator-run-store-foreach.integration.test.ts	582590b9bc5ccfe009114d41e797b6e65c4dfa47	582590b9bc5ccfe009114d41e797b6e65c4dfa47	present	full-body	adapter
packages/database/test/coordinator-run-store-migrations.integration.test.ts	a44f2ef9b648583d0925db2a757eeade5fd3628d	a44f2ef9b648583d0925db2a757eeade5fd3628d	present	full-body	adapter
packages/database/test/coordinator-run-store-node-attempts.integration.test.ts	6ffe534734da9053c46ca20145717bc239b24c2e	6ffe534734da9053c46ca20145717bc239b24c2e	present	full-body	adapter
packages/database/test/coordinator-run-store-observations.integration.test.ts	7916658440a58e312d5bd9898903ebbce9f46222	7916658440a58e312d5bd9898903ebbce9f46222	present	full-body	adapter
packages/database/test/coordinator-run-store-parallel-output.integration.test.ts	0036fff57cf82c872a8c104cf0bf8dcf9552de11	0036fff57cf82c872a8c104cf0bf8dcf9552de11	present	full-body	adapter
packages/database/test/coordinator-run-store-pending-failures.integration.test.ts	242eb02c9ac29756f5265d9a2e122c5e840e4c10	242eb02c9ac29756f5265d9a2e122c5e840e4c10	present	full-body	adapter
packages/database/test/coordinator-run-store-scheduling.integration.test.ts	7af55ade74b6ec2894d6663cbb25a5d809abfa77	7af55ade74b6ec2894d6663cbb25a5d809abfa77	present	full-body	adapter
packages/database/test/coordinator-run-store-wakeups.integration.test.ts	61e351a6d10caedca6b961c4ed4135b7bc9dfb64	61e351a6d10caedca6b961c4ed4135b7bc9dfb64	present	full-body	adapter
packages/database/test/coordinator-run-store.fixtures.ts	14e255b5396a045b59589c211503c196b87baf7e	14e255b5396a045b59589c211503c196b87baf7e	present	full-body	adapter
packages/database/test/coordinator-run-store.test.ts	0ee2f99d1f648db2cc20d70d5cd4ab48bc70cdf8	0ee2f99d1f648db2cc20d70d5cd4ab48bc70cdf8	present	full-body	primary,adapter
packages/database/test/database-runtime.integration.test.ts	2a6b2f97bc9df7e9c45c6ae6e3f42a30e50a37db	2a6b2f97bc9df7e9c45c6ae6e3f42a30e50a37db	present	full-body	adapter
packages/database/test/database-runtime.test.ts	04b2b4e8aa094a5dab59b7d85cf19a2cf4f2346a	04b2b4e8aa094a5dab59b7d85cf19a2cf4f2346a	present	full-body	primary,adapter
packages/database/test/due-node-wakeup-migration.test.ts	976bf872e59959319a6788ba9c451ffe76f9dea5	976bf872e59959319a6788ba9c451ffe76f9dea5	present	full-body	primary,adapter
packages/database/test/durable-wait-migration.test.ts	21e2ada04d4b35195280a7964b119097578aa03d	21e2ada04d4b35195280a7964b119097578aa03d	present	full-body	primary,adapter
packages/database/test/execution-acceptance-capacity.integration.test.ts	3484b2cea50cdfdca21aa0ec49498e29019401aa	3484b2cea50cdfdca21aa0ec49498e29019401aa	present	full-body	adapter
packages/database/test/execution-acceptance-lifecycle.integration.test.ts	7e00af10527c4040ddf38243ffd83d8eb6f28268	7e00af10527c4040ddf38243ffd83d8eb6f28268	present	full-body	adapter
packages/database/test/execution-acceptance-notifications.integration.test.ts	322bec93c6569b3c30b51f3ac05e655201d223fc	322bec93c6569b3c30b51f3ac05e655201d223fc	present	full-body	adapter
packages/database/test/execution-acceptance-persistence.integration.test.ts	cc6f4a989a6d09aa7005595634ff533ca8581704	cc6f4a989a6d09aa7005595634ff533ca8581704	present	full-body	adapter
packages/database/test/execution-acceptance-regional.integration.test.ts	3f2f67405403ddc18910c366a735d2798bea1b59	3f2f67405403ddc18910c366a735d2798bea1b59	present	full-body	adapter
packages/database/test/execution-acceptance-security.integration.test.ts	ccdb5e08601574a0c67a7f53c00570b24c76a086	ccdb5e08601574a0c67a7f53c00570b24c76a086	present	full-body	adapter
packages/database/test/execution-acceptance.fixtures.ts	b10bff7c17db1d7ce9e3d07123c35c20a45336e0	b10bff7c17db1d7ce9e3d07123c35c20a45336e0	present	full-body	adapter
packages/database/test/execution-acceptance.test.ts	95d7d257f37cc222c4eb29f9779e86a44f248448	95d7d257f37cc222c4eb29f9779e86a44f248448	present	full-body	primary,adapter
packages/database/test/execution-admission-migration.test.ts	47d70fb5e646f9a5c6370cee8cdb4a613366f7e9	e066a47106dd16098d25dd0c707c21729256dbaf	present	full-body	primary,adapter
packages/database/test/execution-value-persistence.integration.test.ts	68793874b806c575704547fc497d75becc8267a6	68793874b806c575704547fc497d75becc8267a6	present	full-body	adapter
packages/database/test/execution-value-persistence.test.ts	5e2da32a9d2ec2b8f7648f2a84b823ecbbc5fd17	1679f3c023f1ed15eade65501dd82a42a7e9e5a9	present	full-body	primary,adapter
packages/database/test/expired-artifact-upload-retention-migration.test.ts	b3f4109a85e1178a0729a9efcdcae62a73883277	981c9acd37b0ec85daf1d0c84d2e69c7e5796006	present	full-body	primary,adapter
packages/database/test/fixtures/queue-duplicate-proof.sql	bafe54331727ac3f08041140c74c7a6fa8fdc4f6	bafe54331727ac3f08041140c74c7a6fa8fdc4f6	present	full-body	adapter
packages/database/test/for-each-barrier-migration.test.ts	45997798272795b32ba45b47d37617dce7d210e3	45997798272795b32ba45b47d37617dce7d210e3	present	full-body	primary,adapter
packages/database/test/identity-workspace.integration.test.ts	e7b38f9ed0879c3a835124db1cbd0cc25181b481	e7b38f9ed0879c3a835124db1cbd0cc25181b481	present	full-body	adapter
packages/database/test/migration-checksum-compatibility.test.ts	6bc0135ec762ee660657c48c710fe9a6bf4e2b03	6bc0135ec762ee660657c48c710fe9a6bf4e2b03	present	full-body	primary,adapter
packages/database/test/migration-execution-modes.integration.test.ts	f55d7285498489427b459762a86454ff4075c62b	f55d7285498489427b459762a86454ff4075c62b	present	full-body	adapter
packages/database/test/migration-execution-plan.test.ts	524d16d62a5d180268180a73138b8b61d42e43f4	524d16d62a5d180268180a73138b8b61d42e43f4	present	full-body	primary,adapter
packages/database/test/migration-runner.test.ts	9eb43ec98d38038218393f19853d6ff7cd55e515	9eb43ec98d38038218393f19853d6ff7cd55e515	present	full-body	primary,adapter
packages/database/test/node-attempt-run-store.test.ts	00da42e3ae71638606742c1ebf3e7b9831e267c9	00da42e3ae71638606742c1ebf3e7b9831e267c9	present	full-body	primary,adapter
packages/database/test/oidc-browser-binding-migration.integration.test.ts	0d665fd710dc0a0d55f2376c6ce571d9d91018ad	0d665fd710dc0a0d55f2376c6ce571d9d91018ad	present	full-body	adapter
packages/database/test/oidc-browser-binding-migration.test.ts	03e4b9c00904be96b0646c511b0e6d0b052d5a4e	e26d3aa0ddda13b323bc28145b9abf1cb2253d5a	present	full-body	primary,adapter
packages/database/test/operator-command-ledger-migration.test.ts	8a5ab7096352a246f67cdcde50a7672a329ad569	8a5ab7096352a246f67cdcde50a7672a329ad569	present	full-body	primary,adapter
packages/database/test/operator-execution-recovery-migration.test.ts	053749570eced23ecb191142a866e23b8a5cea31	053749570eced23ecb191142a866e23b8a5cea31	present	full-body	primary,adapter
packages/database/test/operator-maintenance-rerun-migration.test.ts	851185f60efe8355eb64e6d8b764d3c84f9230db	851185f60efe8355eb64e6d8b764d3c84f9230db	present	full-body	primary,adapter
packages/database/test/operator-outbox-redispatch-migration.test.ts	0bd9c93c32e1f373c416c5e8b2416513e4c096ea	d14495cb7cba31e20fe2cb7ee3672070842ad7e4	present	full-body	primary,adapter
packages/database/test/operator-run-replay-migration.test.ts	9cdcb9739f6bf4dd7ac808d9527b1b86970d1b8d	9cdcb9739f6bf4dd7ac808d9527b1b86970d1b8d	present	full-body	primary,adapter
packages/database/test/operator-trigger-reconciliation-migration.test.ts	bf4d80762ad692f7192e97a611a4ad4fa310b4f8	bf4d80762ad692f7192e97a611a4ad4fa310b4f8	present	full-body	primary,adapter
packages/database/test/package-contract.test.ts	c35a5829f5b131731cb55ec3a2c6a9d0d07e06db	f2a67722d75e8e3010ab86b316fcf58f8a7a5dbf	present	full-body	primary,adapter
packages/database/test/persisted-id.test.ts	d4356964522505869a68ace30d58e1d8f87c25ba	d4356964522505869a68ace30d58e1d8f87c25ba	present	full-body	adapter
packages/database/test/persisted-workflow-checkpoint.test.ts	be2d04c0bc8437cfb8c481e63df6ee27a657c6a3	be2d04c0bc8437cfb8c481e63df6ee27a657c6a3	present	full-body	adapter
packages/database/test/postgres-telemetry.integration.test.ts	97886a907260122bf26dab2ab68fc2826d8062df	97886a907260122bf26dab2ab68fc2826d8062df	present	full-body	adapter
packages/database/test/postgres-telemetry.test.ts	cbc10dd8f6c7278a10deeaa9fb52350fe0535213	cbc10dd8f6c7278a10deeaa9fb52350fe0535213	present	full-body	adapter
packages/database/test/preview-execution-deadline-migration.integration.test.ts	d7919d0f5e2e5a6609d742fd859e568b657dfaa1	d7919d0f5e2e5a6609d742fd859e568b657dfaa1	present	full-body	adapter
packages/database/test/preview-execution-deadline-migration.test.ts	72921443408ec1df00fe4162db5edbcfffe0c1c1	fa00910ffc3fc8e57a03dcfd155f223dd56bf418	present	full-body	adapter
packages/database/test/preview-execution.integration.test.ts	ba077d20f725e8e30e4a34243df168e7d451d81a	ba077d20f725e8e30e4a34243df168e7d451d81a	present	full-body	adapter
packages/database/test/preview-retention-enforcement-migration.test.ts	bb053cc1ed31cc9d9a7166cfe6b8634de82548cf	54c68c9df130ddf1f52e57229d9541f6ca66d13f	present	full-body	adapter
packages/database/test/preview-retention-migration.integration.test.ts	9ef69bae7c4aa921f297c77ba333c9d1a7058ccc	9ef69bae7c4aa921f297c77ba333c9d1a7058ccc	present	full-body	adapter
packages/database/test/preview-worker-artifact-retention.integration.test.ts	87756cc98260109aa04b9f940aae7ee5071cf488	87756cc98260109aa04b9f940aae7ee5071cf488	present	full-body	adapter
packages/database/test/preview-worker-attempt-lifecycle.integration.test.ts	e9bfb5ab2ceb0b6bf747e410395102e864f7cc6c	e9bfb5ab2ceb0b6bf747e410395102e864f7cc6c	present	full-body	adapter
packages/database/test/preview-worker-reconciliation.integration.test.ts	df1873ba6e337a01cf7c714d379c697d88432999	df1873ba6e337a01cf7c714d379c697d88432999	present	full-body	adapter
packages/database/test/preview-worker-schema.integration.test.ts	e0c985450c736c4fe734dbf93dc344c4933e94c4	e0c985450c736c4fe734dbf93dc344c4933e94c4	present	full-body	adapter
packages/database/test/published-migration-repair.integration.test.ts	7aca2c56a8da68eb3a5c08dd91aa2d676b6b2138	7aca2c56a8da68eb3a5c08dd91aa2d676b6b2138	present	full-body	adapter
packages/database/test/published-migration-repair.test.ts	55291b4a617ae3dbc44767c290eb51177851795c	55291b4a617ae3dbc44767c290eb51177851795c	present	full-body	adapter
packages/database/test/published-workflow-reader.integration.test.ts	6f242b8201f3ca7335bd63df1bd567eb9f050d2f	6f242b8201f3ca7335bd63df1bd567eb9f050d2f	present	full-body	adapter
packages/database/test/published-workflow-reader.test.ts	2225ee5cbf1293619c23e3640aa8ea3f1a8806d3	3ef28d682d1d0d07f7b087f83da28bd1fdd9feda	present	full-body	adapter
packages/database/test/readiness-probe.test.ts	ffddaf01d242fc8e06d664aefb8d82d7ac60e7de	ffddaf01d242fc8e06d664aefb8d82d7ac60e7de	present	full-body	adapter
packages/database/test/regional-replica-identity-migration.test.ts	460b74cb6c0c56c4ea52893f8adc404ba7a2a2d2	59d80d761c054b21cca405817d69d381f8113017	present	full-body	adapter
packages/database/test/regional-write-admission-migration.test.ts	da76a96897f6bef5c150a5b9b66db351c46061a2	1a7d244109559cd50124d40b1f0ba4f5a507b6a7	present	full-body	adapter
packages/database/test/regional-write-admission.integration.test.ts	5c500cc9fd28dfffa098d9668e4caaf81bb190ac	5c500cc9fd28dfffa098d9668e4caaf81bb190ac	present	full-body	adapter
packages/database/test/replay-lineage-retention-migration.test.ts	a3513f630deb7ac6158481fbf1b37d3f5ea92e50	95c1c0a0cf43e4095d50324f6597c626f21b7287	present	full-body	adapter
packages/database/test/replay-read-locks-migration.test.ts	557c898d599998a0639006616e60ca9c212faebe	c649b056b5a3c76c4b684cccde88c98a179a6a36	present	full-body	adapter
packages/database/test/restore-artifact-inventory-migration.test.ts	5847e668d0d236147008ad8881298cb4433fb4b1	731de88a5834f34be86f55cba55f2962b0c3c3b0	present	full-body	adapter
packages/database/test/retention-artifacts.integration.test.ts	26c25a5088c210e37460d9a2b3ace40921acca28	26c25a5088c210e37460d9a2b3ace40921acca28	present	full-body	adapter
packages/database/test/retention-control-foundation-migration.integration.test.ts	7423698ec5563063eded418f1462ef1de5e3119f	7423698ec5563063eded418f1462ef1de5e3119f	present	full-body	adapter
packages/database/test/retention-control-foundation-migration.test.ts	5f993e8fe04a9aaee9f9d7e6f3b32eef7705165c	737b809f73e934a0b7fa7f36b83eec57387b9252	present	full-body	adapter
packages/database/test/retention-execution-purge.integration.test.ts	b9e0df0f2618fab45b0af2cbcbc70fee0ad421ce	b9e0df0f2618fab45b0af2cbcbc70fee0ad421ce	present	full-body	adapter
packages/database/test/retention-inventory.integration.test.ts	a1683beff235b6def54576e8808d9b0f46601842	a1683beff235b6def54576e8808d9b0f46601842	present	full-body	adapter
packages/database/test/retention-legal-hold.integration.test.ts	920cab36bcc882f27ab3b052faa92b82d6390fb5	920cab36bcc882f27ab3b052faa92b82d6390fb5	present	full-body	adapter
packages/database/test/retention-operator.integration.test.ts	4f90364f2c194c6245013deef7fc253cdd6decbb	4f90364f2c194c6245013deef7fc253cdd6decbb	present	full-body	adapter
packages/database/test/retention-replay-lineage.integration.test.ts	e781960b2567796c765ea333cfbb96a6153ccf87	e781960b2567796c765ea333cfbb96a6153ccf87	present	full-body	adapter
packages/database/test/retention-schedule-state-rls-migration.test.ts	31dde68594de1d7c9213ad8edea83a936bdde826	1f184a08dba5d0bd13a30deea0c6092387dc8847	present	full-body	adapter
packages/database/test/retention-scheduling.integration.test.ts	cbf6f6f27b440826736b8828c8b8503780d8872b	cbf6f6f27b440826736b8828c8b8503780d8872b	present	full-body	adapter
packages/database/test/retention-transaction-cancellation.integration.test.ts	a88bb8abb0f87f35425e94e8558f2b1e1a9425ed	a88bb8abb0f87f35425e94e8558f2b1e1a9425ed	present	full-body	adapter
packages/database/test/retention-transaction.test.ts	7e0d87c422b50089cfaf91700ba7e4db5bf1fd85	7e0d87c422b50089cfaf91700ba7e4db5bf1fd85	present	full-body	adapter
packages/database/test/rls.integration.test.ts	6365ad1591369a180065b05ae68e2efb7decf1f2	6365ad1591369a180065b05ae68e2efb7decf1f2	present	full-body	adapter
packages/database/test/run-events.integration.test.ts	d59c2861e92ba4998d75694484619c8de44aeb0f	d59c2861e92ba4998d75694484619c8de44aeb0f	present	full-body	adapter
packages/database/test/schedule-claim-concurrency.integration.test.ts	628b39b113d5b5bf7a52f58bf47b23af04e319df	628b39b113d5b5bf7a52f58bf47b23af04e319df	present	full-body	adapter
packages/database/test/schedule-claim-migration.integration.test.ts	f88695d1e98488b2c0116b93dfbd48e619aed4df	f88695d1e98488b2c0116b93dfbd48e619aed4df	present	full-body	adapter
packages/database/test/schedule-claim-migration.test.ts	17985483d1a9d313bad5b941a5909d041868a304	17985483d1a9d313bad5b941a5909d041868a304	present	full-body	adapter
packages/database/test/schedule-recurrence-dst.test.ts	065e6c26009d5fe69392e190eb38ddf54efbec42	065e6c26009d5fe69392e190eb38ddf54efbec42	present	full-body	adapter
packages/database/test/schedule-recurrence.test.ts	3de0477823d7d98da69454e140250320fdc76009	3de0477823d7d98da69454e140250320fdc76009	present	full-body	adapter
packages/database/test/schedule-trigger-migration.test.ts	e4e037010f668d643c9dc77f28bc2aa914488e38	f04465d5081b1bdc3020169eb6946a05921ec395	present	full-body	adapter
packages/database/test/schedule-triggers-part-2.integration.test.ts	046c9e7b8354d615e2b2fad30d3814cc70caf24f	046c9e7b8354d615e2b2fad30d3814cc70caf24f	present	full-body	adapter
packages/database/test/schedule-triggers.integration.test.ts	1de976bf0d6af56e64dc86e125ef3b5deb9f2043	1de976bf0d6af56e64dc86e125ef3b5deb9f2043	present	full-body	adapter
packages/database/test/schema-shape.integration.test.ts	36537a5899397cc18a5ce685caaef6ea83f6ba2a	36537a5899397cc18a5ce685caaef6ea83f6ba2a	present	full-body	adapter
packages/database/test/serving-readiness.test.ts	01361414a16cd1d008c221b3dff257d210dfaba3	898d6b107102c4b124d3374a6b842f6829347043	present	full-body	adapter
packages/database/test/standard-retention-classes-migration.test.ts	93000a9c559ffcaf2f10acf43a69895ce96799ff	623eb0c98f5b6460f18198b090c2e9755ca940ff	present	full-body	adapter
packages/database/test/standard-retention-dry-run-migration.test.ts	c255ff9e70817fb0364f642972d56271ef608221	61420a659bac3a702ab2b244dd669477284cc47f	present	full-body	adapter
packages/database/test/stored-execution-value.test.ts	d8f50d198113d08fb886f841ade7457e57d92a9b	d8f50d198113d08fb886f841ade7457e57d92a9b	present	full-body	adapter
packages/database/test/support/connections.integration.support.ts	b191da8a4bbb04d4666f7ef869d00ad42cd8e669	b191da8a4bbb04d4666f7ef869d00ad42cd8e669	present	full-body	adapter
packages/database/test/support/control-ledger-coordinator.integration.support.ts	6af62122becdb29b01e983b2e54b32a09ac2564d	6af62122becdb29b01e983b2e54b32a09ac2564d	present	full-body	adapter
packages/database/test/support/disposable-database.ts	4f13adc14742b6db50afd4f28cc6bd8570fa31c4	4f13adc14742b6db50afd4f28cc6bd8570fa31c4	present	full-body	adapter
packages/database/test/support/preview-worker-fixture.ts	6aeed9df0340c780774af38de39450bb01e777f1	6aeed9df0340c780774af38de39450bb01e777f1	present	full-body	adapter
packages/database/test/support/retention.integration.support.ts	1867678352ad819577983418fc8113b46e6e0c0a	1867678352ad819577983418fc8113b46e6e0c0a	present	full-body	adapter
packages/database/test/support/schedule-triggers.integration.support.ts	3c5a64d645b6db7effa0ccfda58e7dd0f8ca0abb	3c5a64d645b6db7effa0ccfda58e7dd0f8ca0abb	present	full-body	adapter
packages/database/test/support/transport.integration.support.ts	c065aa0a7c581d82c179c4b1e3696e886c1bb6a9	c065aa0a7c581d82c179c4b1e3696e886c1bb6a9	present	full-body	adapter
packages/database/test/support/workflow-authoring.integration.support.ts	2aba2ef283712f14c434ec9e49b721ae9679258a	2aba2ef283712f14c434ec9e49b721ae9679258a	present	full-body	adapter
packages/database/test/tenant-context-hygiene.integration.test.ts	155f810117ad15644b6f5f353ea2b0ecdddbf881	155f810117ad15644b6f5f353ea2b0ecdddbf881	present	full-body	adapter
packages/database/test/transient-data-retention-migration.test.ts	57f33928be487368328081dabd19c63de7216d6b	253babf5e99706a44540b8b6d6911f98eb8a95cd	present	full-body	adapter
packages/database/test/transient-data-retention.integration.test.ts	2a7da47b4082ecbc24bc31c0bd8705d70e612fd0	2a7da47b4082ecbc24bc31c0bd8705d70e612fd0	present	full-body	adapter
packages/database/test/transport-part-2.integration.test.ts	8e49b8a7aca67f224567870e14d3bb3323269c9c	8e49b8a7aca67f224567870e14d3bb3323269c9c	present	full-body	adapter
packages/database/test/transport.integration.test.ts	25d61d9260b58bb422eeb0b34ff77133bc26ba5d	25d61d9260b58bb422eeb0b34ff77133bc26ba5d	present	full-body	adapter
packages/database/test/transport.test.ts	60b623213bd8c064840429024055afeb9306c820	60b623213bd8c064840429024055afeb9306c820	present	full-body	adapter
packages/database/test/webhook-trigger-migration.test.ts	a719d9384bed27af1bdb60258dc67617b1cb2cad	a0f17c27858cd1c1e61dd56330d332bbd32d4c51	present	full-body	adapter
packages/database/test/webhook-trigger-prior-head.integration.test.ts	dfa697c63a054ff85524401172d907d5d706c1d8	dfa697c63a054ff85524401172d907d5d706c1d8	present	full-body	adapter
packages/database/test/webhook-triggers.integration.test.ts	bce3e07040c63ed4a2de61243d1c6191c1258657	bce3e07040c63ed4a2de61243d1c6191c1258657	present	full-body	adapter
packages/database/test/workflow-activation-projection.integration.test.ts	44d6078f0b306ec382b293f493c80bbc3f1a492e	44d6078f0b306ec382b293f493c80bbc3f1a492e	present	full-body	adapter
packages/database/test/workflow-activation-projection.test.ts	25dc71cd55331429344b1c5dcfdebaff3b78c33f	25dc71cd55331429344b1c5dcfdebaff3b78c33f	present	full-body	adapter
packages/database/test/workflow-authoring-atomicity.integration.test.ts	955eca413662abf624cf341008066e87693baf2a	955eca413662abf624cf341008066e87693baf2a	present	full-body	adapter
packages/database/test/workflow-authoring-coordination.integration.test.ts	4f71aab1e1283be52284f8fac3726f60ba0c855f	4f71aab1e1283be52284f8fac3726f60ba0c855f	present	full-body	adapter
packages/database/test/workflow-authoring-drafts.integration.test.ts	21ee71962c2919201e2a589a5816d9bc0f74245d	21ee71962c2919201e2a589a5816d9bc0f74245d	present	full-body	adapter
packages/database/test/workflow-authoring-lifecycle.integration.test.ts	816d74ba40eb531ea52a05762b6233d7a1a9402f	816d74ba40eb531ea52a05762b6233d7a1a9402f	present	full-body	adapter
packages/database/test/workflow-authoring-publication.integration.test.ts	194f6a1e6e49d1b8e4e8f0338b228baa1fc4ce4a	194f6a1e6e49d1b8e4e8f0338b228baa1fc4ce4a	present	full-body	adapter
packages/database/test/workflow-authoring-readiness.integration.test.ts	b195ce27be54395cefde1eca8914e97e2e0feefc	b195ce27be54395cefde1eca8914e97e2e0feefc	present	full-body	adapter
packages/database/test/workflow-authoring-version-restore.integration.test.ts	7a85f1eafc37149da9f5c7b777351e73473c0567	7a85f1eafc37149da9f5c7b777351e73473c0567	present	full-body	adapter
packages/database/test/workflow-authoring.test.ts	9f712018d285a8413826eeb6f19083431b0339bd	5a5451c5720eed321176a2342f72ff7fa721622e	present	full-body	adapter
packages/database/test/workflow-run-api.integration.test.ts	7154490a33207da9146f5e75be146e882a59921e	7154490a33207da9146f5e75be146e882a59921e	present	full-body	adapter
packages/database/test/workflow-run-input-retention-dry-run-migration.test.ts	df68f350b85048a9624f5fc3cfda623ecdc2c46a	df68f350b85048a9624f5fc3cfda623ecdc2c46a	present	full-body	adapter
packages/database/test/workflow-run-input-retention-enforcement-migration.test.ts	ad3bdb6007386b6b578262990399439f52701c10	ad3bdb6007386b6b578262990399439f52701c10	present	full-body	adapter
packages/database/test/workflow-run-input-retention-migration.integration.test.ts	1db6ba87464bab4a28aeeb6658fef64ce1366af7	1db6ba87464bab4a28aeeb6658fef64ce1366af7	present	full-body	adapter
packages/database/test/workflow-run-input-retention-migration.test.ts	978ce760162d35071527e25d83ab9fbd4d2a7216	978ce760162d35071527e25d83ab9fbd4d2a7216	present	full-body	adapter
packages/database/test/workflow-run-input-retention-scheduling-migration.test.ts	417083892104279b459d5724614b72dbeca6a172	56ba2110fdaabe11cef78e0e2d683f260de5fd72	present	full-body	adapter
packages/database/test/workflow-trigger-projection.test.ts	bb9f5708894795fbf57d9bc08b329aa62bb6d67d	bb9f5708894795fbf57d9bc08b329aa62bb6d67d	present	full-body	adapter
packages/database/test/workspace-authorization-policy.test.ts	cab57d1419380b03123da5488a9a17e9ac1a04e0	cab57d1419380b03123da5488a9a17e9ac1a04e0	present	full-body	adapter
packages/database/test/workspace-deletion-control-projection-migration.test.ts	bfac936227f179de98c4c10a40241f0de752725c	684fd29d828b19b389efd97728f04e4e21ca7ce8	present	full-body	adapter
packages/database/test/workspace-deletion-side-effects-migration.test.ts	c7d74a55b61b487a9f369f7b8caaabf0c2c5efef	c7d74a55b61b487a9f369f7b8caaabf0c2c5efef	present	full-body	adapter
packages/database/test/workspace-lifecycle-api-authority-migration.test.ts	83ca7efdf8a8658ff069fb2d16267c89fb76f03c	83ca7efdf8a8658ff069fb2d16267c89fb76f03c	present	full-body	adapter
packages/database/test/workspace-lifecycle-command-hardening-migration.test.ts	51a6db766dc6790380d971f8dc9748c5d5c84a39	51a6db766dc6790380d971f8dc9748c5d5c84a39	present	full-body	adapter
packages/database/test/workspace-lifecycle-command-intents-migration.test.ts	3b41af78b488ff4aed4609ec5500b824adb64ac5	3b41af78b488ff4aed4609ec5500b824adb64ac5	present	full-body	adapter
packages/database/test/workspace-lifecycle-command-intents.integration.test.ts	167c3bceffe3b3423d76ce2aa2dba801524bb8c1	167c3bceffe3b3423d76ce2aa2dba801524bb8c1	present	full-body	adapter
packages/database/test/workspace-object-versions-purge-migration.test.ts	bbb5bf41a6c67bd3a00c0eec388c6cca1882103d	b9d09a8aa2feb3ccdb3a72c506da9c16bdf0b39c	present	full-body	adapter
packages/database/test/workspace-purge-completion-migration.test.ts	00deb49ebcf99d09d193aa0bc9f4a9ed82148c96	2cf2b2faf3f38c7c7def2a442c5e1cffc54f0e23	present	full-body	adapter
packages/database/test/workspace-purge-foundation-migration.test.ts	173b4344ecb6e9ac78909d8d4b9089706c8f72d9	25fee70a89febcc625c809a72d5de187f019bbd8	present	full-body	adapter
packages/database/test/workspace-purge-foundation.integration.test.ts	48b5f909b17dc47f460aa4aebca08933e33975fb	48b5f909b17dc47f460aa4aebca08933e33975fb	present	full-body	adapter
packages/database/test/workspace-purge-step-release-migration.test.ts	db65d34d7367c35dde876cee53015f6da2cf7745	0d6f6a720b316adff5696578b1785186dc87071f	present	full-body	adapter
packages/database/test/workspace-tenant-rows-purge-migration.test.ts	21d7954f9d0f95ed738ff28c40fc4d94b6ae0343	0c6176470b82f5cea1f06d42cab411be07f0bb82	present	full-body	adapter
packages/database/test/workspace-transaction-engine.test.ts	32473e407788eb0ff6c6c8c2888bd90da0becafc	32473e407788eb0ff6c6c8c2888bd90da0becafc	present	full-body	adapter
packages/database/tsconfig.json	f57959220bf470fdccbcc7a98aba34f73afbcbe3	f57959220bf470fdccbcc7a98aba34f73afbcbe3	present	full-body	adapter
packages/database/tsconfig.test.json	df52f8bc2281a94d6c9377eed20383f5c9e2111d	df52f8bc2281a94d6c9377eed20383f5c9e2111d	present	full-body	adapter
packages/database/vitest.config.ts	717c7bf8442fe272c1b95f0d46ab03905c977869	717c7bf8442fe272c1b95f0d46ab03905c977869	present	full-body	adapter
packages/database/vitest.coverage.config.ts	cd866dd9d36e83fa1c0a38ad31ccdc07dd20fd06	cd866dd9d36e83fa1c0a38ad31ccdc07dd20fd06	present	full-body	adapter
packages/database/vitest.integration-coverage.config.ts	16d7a01f2dbed26576bfc70ea10c3fafc8f4ae1c	16d7a01f2dbed26576bfc70ea10c3fafc8f4ae1c	present	full-body	adapter
packages/database/vitest.integration.config.ts	2a27854f5db9eb470cb36084e8971bdd8c40c6d9	2a27854f5db9eb470cb36084e8971bdd8c40c6d9	present	full-body	adapter
packages/integrations/package.json	e8c5009f44cdd8b9799a2bdfa0e4a8fb80854e67	e8c5009f44cdd8b9799a2bdfa0e4a8fb80854e67	present	full-body	adapter
packages/integrations/src/credentials/aws-envelope-runtime.ts	8a799e38519340a31b1db84f98ebe4a038ec2068	8a799e38519340a31b1db84f98ebe4a038ec2068	present	full-body	adapter
packages/integrations/src/credentials/envelope-encryption.ts	2c948a96e6944e9ecb309fbd6a965ea27bffa89f	2c948a96e6944e9ecb309fbd6a965ea27bffa89f	present	full-body	adapter
packages/integrations/src/credentials/kms-client.ts	f20d514f3316688172a56427279ed9d25299133b	f20d514f3316688172a56427279ed9d25299133b	present	full-body	adapter
packages/integrations/src/crypto/envelope-cipher.ts	dab4ab8dbfbd93783f418364d35fa6aeca868f15	dab4ab8dbfbd93783f418364d35fa6aeca868f15	present	full-body	adapter
packages/integrations/src/email/client.ts	f86b6240a0853d57cdebdc50f5ac417ef5a27f7c	f86b6240a0853d57cdebdc50f5ac417ef5a27f7c	present	full-body	adapter
packages/integrations/src/email/definition.ts	e3a088949b56d2320bc3af2b06e367fc726eb918	e3a088949b56d2320bc3af2b06e367fc726eb918	present	full-body	adapter
packages/integrations/src/email/executor.ts	fca1728cd1ceeb8f760cf4ea50c145f39ed84a5e	fca1728cd1ceeb8f760cf4ea50c145f39ed84a5e	present	full-body	adapter
packages/integrations/src/email/index.ts	b6cd6b814c89da3ed4945daccb12c1786d1f0412	b6cd6b814c89da3ed4945daccb12c1786d1f0412	present	full-body	adapter
packages/integrations/src/email/validation.ts	bdd4aa38d29de0841930d8c5c428d18beca7c265	bdd4aa38d29de0841930d8c5c428d18beca7c265	present	full-body	adapter
packages/integrations/src/http-request/definition.ts	a6725e79f0a17cdbc228ea000bd8b1d25ca0a4ad	a6725e79f0a17cdbc228ea000bd8b1d25ca0a4ad	present	full-body	adapter
packages/integrations/src/http-request/executor.ts	7e4cd4fa89568e42f432e9147aa07ba56d2eb2cc	7e4cd4fa89568e42f432e9147aa07ba56d2eb2cc	present	full-body	adapter
packages/integrations/src/http-request/index.ts	7e3d848099f2f4edbb7bb6c5f3b72360f3765b06	7e3d848099f2f4edbb7bb6c5f3b72360f3765b06	present	full-body	adapter
packages/integrations/src/http-request/validation.ts	54e74b35c598ed5214df5f820be8edb34360b73c	54e74b35c598ed5214df5f820be8edb34360b73c	present	full-body	adapter
packages/integrations/src/http/address-policy.ts	8995d320c1e11e462eee837b044f7246f60e0df1	8995d320c1e11e462eee837b044f7246f60e0df1	present	full-body	adapter
packages/integrations/src/http/header-value.ts	800bacc536c94116588ed4dd3cc75c7773b31142	800bacc536c94116588ed4dd3cc75c7773b31142	present	full-body	adapter
packages/integrations/src/http/iana-address-policy-snapshot.ts	1f319450f0699e3312301a209a10b4dd2273af48	1f319450f0699e3312301a209a10b4dd2273af48	present	full-body	adapter
packages/integrations/src/http/node-transport.ts	630ff6b1bb0f217dfc5b2d769da5d897169d9b83	630ff6b1bb0f217dfc5b2d769da5d897169d9b83	present	full-body	adapter
packages/integrations/src/http/outcome-policy.ts	f6ad201224390bd137e32404d0615306419809de	f6ad201224390bd137e32404d0615306419809de	present	full-body	adapter
packages/integrations/src/http/retry-after.ts	17daad03ad2700f232f9bf4089c8278ceb347ae9	17daad03ad2700f232f9bf4089c8278ceb347ae9	present	full-body	adapter
packages/integrations/src/http/secure-http-error.ts	2f6d6fb06cf8c5b5aa653197bb9185c438f441ad	2f6d6fb06cf8c5b5aa653197bb9185c438f441ad	present	full-body	adapter
packages/integrations/src/http/secure-http.ts	f0a8dda53502b9abd4fe6191aa2a81aa0bfedb2a	f0a8dda53502b9abd4fe6191aa2a81aa0bfedb2a	present	full-body	adapter
packages/integrations/src/http/stream-redaction.ts	109b5a735b2ea5d09ecdcadcf7d4ab96a7e66ecb	109b5a735b2ea5d09ecdcadcf7d4ab96a7e66ecb	present	full-body	adapter
packages/integrations/src/index.ts	36a7e7d5832d53bd91c6d6f88dd03fbb050d2437	36a7e7d5832d53bd91c6d6f88dd03fbb050d2437	present	full-body	adapter
packages/integrations/src/provider-dispatch-fence.ts	829c05c7dd7ef19a692c3c717171af72a9d50379	829c05c7dd7ef19a692c3c717171af72a9d50379	present	full-body	adapter
packages/integrations/src/server-only.ts	3616d2b395a5d7585e717c2f66f54aecfb8cc208	3616d2b395a5d7585e717c2f66f54aecfb8cc208	present	full-body	adapter
packages/integrations/src/server.ts	3ce58bc8d1df7f20f866750082daa049f0228adf	3ce58bc8d1df7f20f866750082daa049f0228adf	present	full-body	adapter
packages/integrations/src/slack/client.ts	76fd1492ec0bbeb0436918adc77384619d157e41	c5135609aac21d23e4709e0b7fd1ef479b5569a2	present	full-body	adapter
packages/integrations/src/slack/definition.ts	c07ddc00c2a5d5f90fb365016e9db12f9beda228	c07ddc00c2a5d5f90fb365016e9db12f9beda228	present	full-body	adapter
packages/integrations/src/slack/executor.ts	0bad7cdd46ac8da67d7edc168ab0dfacb9f97427	0bad7cdd46ac8da67d7edc168ab0dfacb9f97427	present	full-body	adapter
packages/integrations/src/slack/index.ts	086bb30b113d1ec044ee6a9d86530c2707eedef0	086bb30b113d1ec044ee6a9d86530c2707eedef0	present	full-body	adapter
packages/integrations/src/slack/validation.ts	60c8c914df11c09b3c0cf8c97ba8b632c3189aee	60c8c914df11c09b3c0cf8c97ba8b632c3189aee	present	full-body	adapter
packages/integrations/src/webhooks/crypto.ts	c70bea394deef3be9aebbaea1f5d86b115c5a79c	c70bea394deef3be9aebbaea1f5d86b115c5a79c	present	full-body	adapter
packages/integrations/test/email-send-notification.test.ts	9679205b7d3ba6b478c4517210163d26b7b840cc	9679205b7d3ba6b478c4517210163d26b7b840cc	present	full-body	adapter
packages/integrations/test/envelope-encryption.test.ts	f2dd083239773481a6b067dfb6d46707f34758ed	f2dd083239773481a6b067dfb6d46707f34758ed	present	full-body	adapter
packages/integrations/test/http-outcome-policy.test.ts	23c0bd3e556db1540b1d3c872b94669cead01652	23c0bd3e556db1540b1d3c872b94669cead01652	present	full-body	adapter
packages/integrations/test/http-request.test.ts	11de5477e7f47d1e35bd0424895fd511bc12b2df	11de5477e7f47d1e35bd0424895fd511bc12b2df	present	full-body	adapter
packages/integrations/test/package-contract.test.ts	235382f50b39570de282ab848feabbbe5f653ae6	235382f50b39570de282ab848feabbbe5f653ae6	present	full-body	adapter
packages/integrations/test/retry-after.test.ts	cdc9ae912a5b0ee19b9555a51edcdae49fa2b1c1	cdc9ae912a5b0ee19b9555a51edcdae49fa2b1c1	present	full-body	adapter
packages/integrations/test/secure-http.test.ts	09eac7e480fd2e1fde8ca4626628ccd82dc81ff0	09eac7e480fd2e1fde8ca4626628ccd82dc81ff0	present	full-body	adapter
packages/integrations/test/slack-send-message.test.ts	fd851e2bbf00c48c193c2f2c267ddfe066b304a1	fd851e2bbf00c48c193c2f2c267ddfe066b304a1	present	full-body	adapter
packages/integrations/test/webhook-crypto.test.ts	38aec292f7adf50b89d80708aa8c93e34c011d16	38aec292f7adf50b89d80708aa8c93e34c011d16	present	full-body	adapter
packages/integrations/tsconfig.json	b8e4196df585a8452055620b83548249f192caee	b8e4196df585a8452055620b83548249f192caee	present	full-body	adapter
packages/integrations/tsconfig.test.json	5978efe9c728507135901b9d9b28588bf89bebf3	5978efe9c728507135901b9d9b28588bf89bebf3	present	full-body	adapter
packages/integrations/vitest.config.ts	33294f5e478c492a1a6721d8c519aeb7b4a00136	33294f5e478c492a1a6721d8c519aeb7b4a00136	present	full-body	adapter
packages/integrations/vitest.coverage.config.ts	c401f5002ee737f2a31119e0a076ee2f5aacd3c7	c401f5002ee737f2a31119e0a076ee2f5aacd3c7	present	full-body	adapter
packages/node-catalog/package.json	fb038ab8d665d9b9e49967b58f7e8cd5e83ff448	fb038ab8d665d9b9e49967b58f7e8cd5e83ff448	present	full-body	domain
packages/node-catalog/src/definition-resolution.ts	cec279289db9148e9c9e1a0029e7cdd3963c7dff	cec279289db9148e9c9e1a0029e7cdd3963c7dff	present	full-body	domain
packages/node-catalog/src/index.ts	e5c608b82fda60f80471dfb8a449ee854ace25ef	e5c608b82fda60f80471dfb8a449ee854ace25ef	present	full-body	domain
packages/node-catalog/src/registry.ts	71461da62a7e007d1aada4377f2ed67aaed8c518	71461da62a7e007d1aada4377f2ed67aaed8c518	present	full-body	domain
packages/node-catalog/src/server-only.ts	9b45686d9c39768a29b1116b7371e50d73978473	9b45686d9c39768a29b1116b7371e50d73978473	present	full-body	domain
packages/node-catalog/src/server.ts	12ba52ef7a1323dc2933911a3e2d48f47f689f58	12ba52ef7a1323dc2933911a3e2d48f47f689f58	present	full-body	domain
packages/node-catalog/test/definition-resolution.test.ts	d9a330028133868cc7a380cfa14f577e0573079a	d9a330028133868cc7a380cfa14f577e0573079a	present	full-body	domain
packages/node-catalog/test/package-contract.test.ts	5f103a9c42edf21a23fd326193769580925ac44c	5f103a9c42edf21a23fd326193769580925ac44c	present	full-body	domain
packages/node-catalog/test/release-history.golden.ts	42f245065efde7b24e69f9f372657d132c7b901b	42f245065efde7b24e69f9f372657d132c7b901b	present	full-body	domain
packages/node-catalog/test/release-history.test.ts	1649c9376145f0b2bf221b22a6807ab9d0a91306	1649c9376145f0b2bf221b22a6807ab9d0a91306	present	full-body	domain
packages/node-catalog/test/server-registry.test.ts	07f603bb51138568e762a4c12bb4ad9c5e9efe91	07f603bb51138568e762a4c12bb4ad9c5e9efe91	present	full-body	domain
packages/node-catalog/tsconfig.json	799a2eca95f8e5a6d5962228579dbf6fb35173af	799a2eca95f8e5a6d5962228579dbf6fb35173af	present	full-body	domain
packages/node-catalog/tsconfig.test.json	e7b728cba33aa191136fbb178dbf34a8a2a168ab	e7b728cba33aa191136fbb178dbf34a8a2a168ab	present	full-body	domain
packages/node-catalog/vitest.config.ts	85261002345f81c63122e4e3167b1c66e564db5e	85261002345f81c63122e4e3167b1c66e564db5e	present	full-body	domain
packages/node-catalog/vitest.coverage.config.ts	a48682f657745d22c188aec29502b68f59c25dac	a48682f657745d22c188aec29502b68f59c25dac	present	full-body	domain
packages/node-sdk/package.json	3a9ef9d4652aa63dfd7e4da262dc39cb910c7dc2	3a9ef9d4652aa63dfd7e4da262dc39cb910c7dc2	present	full-body	domain
packages/node-sdk/src/compatibility-canonical.ts	41e0e35d4ca789a40a8583788637c759b6f59800	41e0e35d4ca789a40a8583788637c759b6f59800	present	full-body	domain
packages/node-sdk/src/definitions/schema-document.ts	4a06f97725374ce65c7b4a68e16bd869f4c94bef	4a06f97725374ce65c7b4a68e16bd869f4c94bef	present	full-body	domain
packages/node-sdk/src/executor-contracts.ts	a817026d0e61cff2a088d8514d234328b7b2d5ee	a817026d0e61cff2a088d8514d234328b7b2d5ee	present	full-body	domain
packages/node-sdk/src/executor-errors.ts	dacd666b53a42080a0bcc2fa3df34ae05f202eb7	dacd666b53a42080a0bcc2fa3df34ae05f202eb7	present	full-body	domain
packages/node-sdk/src/identity.ts	6748d448448e7365695a034a56ffa9a4d0013912	6748d448448e7365695a034a56ffa9a4d0013912	present	full-body	domain
packages/node-sdk/src/index.ts	c113be5c0c28857582f6550c32a6252121132ab2	c113be5c0c28857582f6550c32a6252121132ab2	present	full-body	domain
packages/node-sdk/src/json-boundary.ts	e1687d0e26226a8867bdedd83a1e413eb261546d	e1687d0e26226a8867bdedd83a1e413eb261546d	present	full-body	domain
packages/node-sdk/src/release.ts	d667efcd88c97ee32bf7849b0253738641a043f8	d667efcd88c97ee32bf7849b0253738641a043f8	present	full-body	domain
packages/node-sdk/src/server-only.ts	8b8a6583302882ddbc09293124df3852f790a8d9	8b8a6583302882ddbc09293124df3852f790a8d9	present	full-body	domain
packages/node-sdk/src/server.ts	200fcf6447516eade74746d75c7971952db77304	200fcf6447516eade74746d75c7971952db77304	present	full-body	domain
packages/node-sdk/test/package-contract.test.ts	fead34c29a52abee5ae0a36886a7aed444531305	fead34c29a52abee5ae0a36886a7aed444531305	present	full-body	domain
packages/node-sdk/test/registry.test.ts	5c71cf6708106faa9f22a36e1bbdbe0030a2a289	5c71cf6708106faa9f22a36e1bbdbe0030a2a289	present	full-body	domain
packages/node-sdk/tsconfig.json	44cd2bfbe7494f29b8642a11726ecbcc9db213a7	44cd2bfbe7494f29b8642a11726ecbcc9db213a7	present	full-body	domain
packages/node-sdk/tsconfig.test.json	df52f8bc2281a94d6c9377eed20383f5c9e2111d	df52f8bc2281a94d6c9377eed20383f5c9e2111d	present	full-body	domain
packages/node-sdk/vitest.config.ts	85261002345f81c63122e4e3167b1c66e564db5e	85261002345f81c63122e4e3167b1c66e564db5e	present	full-body	domain
packages/node-sdk/vitest.coverage.config.ts	2f2f1240e05a136b7db653c4c6ab4a029de2a44c	2f2f1240e05a136b7db653c4c6ab4a029de2a44c	present	full-body	domain
packages/nodes-core/package.json	4971c3e513e4241eb6aa7e7ac7744cbd08df98e1	4971c3e513e4241eb6aa7e7ac7744cbd08df98e1	present	full-body	domain
packages/nodes-core/src/condition/definition.ts	1382ba8897d307f82171934f954db7cf42ea0039	1382ba8897d307f82171934f954db7cf42ea0039	present	full-body	domain
packages/nodes-core/src/condition/executor.ts	36c29084ab14cac1d7bbc57d920c48151d3c02dc	36c29084ab14cac1d7bbc57d920c48151d3c02dc	present	full-body	domain
packages/nodes-core/src/condition/index.ts	7cc9d0614dc059c4c7881415345af44003f1ad50	7cc9d0614dc059c4c7881415345af44003f1ad50	present	full-body	domain
packages/nodes-core/src/condition/validation.ts	833bb6e5985a125d2c8b8b08f201f5426ec1ad56	833bb6e5985a125d2c8b8b08f201f5426ec1ad56	present	full-body	domain
packages/nodes-core/src/definitions.ts	ba99970c1897541ccf14d2c602226a1a717579b0	ba99970c1897541ccf14d2c602226a1a717579b0	present	full-body	domain
packages/nodes-core/src/for-each/definition.ts	a0ac0c3614f89009b7bd04b9ce60c9e5f119adab	a0ac0c3614f89009b7bd04b9ce60c9e5f119adab	present	full-body	domain
packages/nodes-core/src/for-each/executor.ts	605b60423ebe1c4ce99ac3113940cc3f67e6e7b6	605b60423ebe1c4ce99ac3113940cc3f67e6e7b6	present	full-body	domain
packages/nodes-core/src/for-each/index.ts	7cc9d0614dc059c4c7881415345af44003f1ad50	7cc9d0614dc059c4c7881415345af44003f1ad50	present	full-body	domain
packages/nodes-core/src/for-each/validation.ts	12aefe75644549b38aa9b6e8820d79408e5eff27	12aefe75644549b38aa9b6e8820d79408e5eff27	present	full-body	domain
packages/nodes-core/src/index.ts	cd1c73df961ce7c7f31f203bbd161e23d1ac10df	cd1c73df961ce7c7f31f203bbd161e23d1ac10df	present	full-body	domain
packages/nodes-core/src/manual/definition.ts	9feb0bd486ec1e0ce411bb3a4aa99e203f8d380d	9feb0bd486ec1e0ce411bb3a4aa99e203f8d380d	present	full-body	domain
packages/nodes-core/src/manual/executor.ts	cea6081b04fecadfd8eafd5593292056dd531aa5	cea6081b04fecadfd8eafd5593292056dd531aa5	present	full-body	domain
packages/nodes-core/src/manual/index.ts	7cc9d0614dc059c4c7881415345af44003f1ad50	7cc9d0614dc059c4c7881415345af44003f1ad50	present	full-body	domain
packages/nodes-core/src/manual/validation.ts	572a90da264aac062ef20c07a1027c15d84c62cf	572a90da264aac062ef20c07a1027c15d84c62cf	present	full-body	domain
packages/nodes-core/src/merge/definition.ts	d34e21ef587cbd30dcedde9e281ecc2dc4717130	d34e21ef587cbd30dcedde9e281ecc2dc4717130	present	full-body	domain
packages/nodes-core/src/merge/executor.ts	32f69c21395b82f9ee7162f3847a26a58f585f5a	32f69c21395b82f9ee7162f3847a26a58f585f5a	present	full-body	domain
packages/nodes-core/src/merge/index.ts	7cc9d0614dc059c4c7881415345af44003f1ad50	7cc9d0614dc059c4c7881415345af44003f1ad50	present	full-body	domain
packages/nodes-core/src/merge/validation.ts	247e523abae1fa479371eef579d82ac37375ef09	247e523abae1fa479371eef579d82ac37375ef09	present	full-body	domain
packages/nodes-core/src/parallel/definition.ts	9646959c619885398e4c7ac883ffebaa3fdd90d9	9646959c619885398e4c7ac883ffebaa3fdd90d9	present	full-body	domain
packages/nodes-core/src/parallel/executor.ts	fbffe612ad0f929a7fc68810518d9c0b4d50b667	fbffe612ad0f929a7fc68810518d9c0b4d50b667	present	full-body	domain
packages/nodes-core/src/parallel/index.ts	7cc9d0614dc059c4c7881415345af44003f1ad50	7cc9d0614dc059c4c7881415345af44003f1ad50	present	full-body	domain
packages/nodes-core/src/parallel/validation.ts	4bc9f210ee8b42067b98412785e57ffe56243a92	4bc9f210ee8b42067b98412785e57ffe56243a92	present	full-body	domain
packages/nodes-core/src/policies.ts	63d2ce9df7bcc09cd9ce0261bcb4eb6c3deaa443	63d2ce9df7bcc09cd9ce0261bcb4eb6c3deaa443	present	full-body	domain
packages/nodes-core/src/registrations.ts	e7bd02ccd60f2e22e78e85369589e404c058beaa	e7bd02ccd60f2e22e78e85369589e404c058beaa	present	full-body	domain
packages/nodes-core/src/registry.ts	114685a3a128a89b26f66ca09785592a9b60068e	114685a3a128a89b26f66ca09785592a9b60068e	present	full-body	domain
packages/nodes-core/src/schedule/definition.ts	e733fb18163f8ba94dd38665d33e34027c36c167	e733fb18163f8ba94dd38665d33e34027c36c167	present	full-body	domain
packages/nodes-core/src/schedule/executor.ts	f29bc16084d32796ea70657cd08fd1a13567490f	f29bc16084d32796ea70657cd08fd1a13567490f	present	full-body	domain
packages/nodes-core/src/schedule/index.ts	7cc9d0614dc059c4c7881415345af44003f1ad50	7cc9d0614dc059c4c7881415345af44003f1ad50	present	full-body	domain
packages/nodes-core/src/schedule/validation.ts	53ca6565e2b25c8f824b75d1c5d578ccb022c51a	53ca6565e2b25c8f824b75d1c5d578ccb022c51a	present	full-body	domain
packages/nodes-core/src/server-only.ts	e637fbb56ee7185210b3cadbcbbdd2a1bcdd5309	e637fbb56ee7185210b3cadbcbbdd2a1bcdd5309	present	full-body	domain
packages/nodes-core/src/server.ts	5a36354bbc34bc7a890a2a7fb95d33d09e987afe	5a36354bbc34bc7a890a2a7fb95d33d09e987afe	present	full-body	domain
packages/nodes-core/src/set/definition.ts	4698e2156b35a0497b3047a3156644e11e879fdf	4698e2156b35a0497b3047a3156644e11e879fdf	present	full-body	domain
packages/nodes-core/src/set/executor.ts	397c2f02233ad76cdafa56e7cddd769853a73080	397c2f02233ad76cdafa56e7cddd769853a73080	present	full-body	domain
packages/nodes-core/src/set/index.ts	7cc9d0614dc059c4c7881415345af44003f1ad50	7cc9d0614dc059c4c7881415345af44003f1ad50	present	full-body	domain
packages/nodes-core/src/set/validation.ts	9fdc58bb1f0d343db8b4523fb67692b1b48a8e8d	9fdc58bb1f0d343db8b4523fb67692b1b48a8e8d	present	full-body	domain
packages/nodes-core/src/switch/definition.ts	0dd80897364fce7745c066285557605e26d40bb7	0dd80897364fce7745c066285557605e26d40bb7	present	full-body	domain
packages/nodes-core/src/switch/executor.ts	e5f02261ec5d6e89114a945ededdfb69b8673fa1	e5f02261ec5d6e89114a945ededdfb69b8673fa1	present	full-body	domain
packages/nodes-core/src/switch/index.ts	7cc9d0614dc059c4c7881415345af44003f1ad50	7cc9d0614dc059c4c7881415345af44003f1ad50	present	full-body	domain
packages/nodes-core/src/switch/validation.ts	8dd87d873fdde914634832d3dfad90914224af59	8dd87d873fdde914634832d3dfad90914224af59	present	full-body	domain
packages/nodes-core/src/terminate/definition.ts	19806332d3e2588c2f1dd2b1c4157365b63c2df7	19806332d3e2588c2f1dd2b1c4157365b63c2df7	present	full-body	domain
packages/nodes-core/src/terminate/executor.ts	e59417c1139266323012f2f4a6b8a9da2375b30b	e59417c1139266323012f2f4a6b8a9da2375b30b	present	full-body	domain
packages/nodes-core/src/terminate/index.ts	7cc9d0614dc059c4c7881415345af44003f1ad50	7cc9d0614dc059c4c7881415345af44003f1ad50	present	full-body	domain
packages/nodes-core/src/terminate/validation.ts	e2b4c02fcb545bc24c90fabb4abc6a78270db8e6	e2b4c02fcb545bc24c90fabb4abc6a78270db8e6	present	full-body	domain
packages/nodes-core/src/validate/definition.ts	6ab9a84e634314fa1218c85d5a11364481deca79	6ab9a84e634314fa1218c85d5a11364481deca79	present	full-body	domain
packages/nodes-core/src/validate/executor.ts	1e82201fe4af2f1bfc8d765435549ed503be54b9	1e82201fe4af2f1bfc8d765435549ed503be54b9	present	full-body	domain
packages/nodes-core/src/validate/index.ts	c30d97dc73fc9a691cd63b7e0ab5d26d699e0e58	c30d97dc73fc9a691cd63b7e0ab5d26d699e0e58	present	full-body	domain
packages/nodes-core/src/validate/semantics.ts	5e9bc8fff09b96e739482cc8af0a120a05c1071b	5e9bc8fff09b96e739482cc8af0a120a05c1071b	present	full-body	domain
packages/nodes-core/src/validate/validation.ts	c8bbd2e2443225a432789904bcf0c4b5487c7025	c8bbd2e2443225a432789904bcf0c4b5487c7025	present	full-body	domain
packages/nodes-core/src/wait/definition.ts	fe4b822a462e1cc3145b404dee7cd18d3f06e948	fe4b822a462e1cc3145b404dee7cd18d3f06e948	present	full-body	domain
packages/nodes-core/src/wait/executor.ts	767d58c0cec59dcf66ad71239acd91b040a16a18	767d58c0cec59dcf66ad71239acd91b040a16a18	present	full-body	domain
packages/nodes-core/src/wait/index.ts	7cc9d0614dc059c4c7881415345af44003f1ad50	7cc9d0614dc059c4c7881415345af44003f1ad50	present	full-body	domain
packages/nodes-core/src/wait/validation.ts	a2e008d083e0ea4e1e2a0587a763adfd32f68ca4	a2e008d083e0ea4e1e2a0587a763adfd32f68ca4	present	full-body	domain
packages/nodes-core/src/webhook/definition.ts	c068abbcfb5c0515265df6e50dd5cb931fd4f9de	c068abbcfb5c0515265df6e50dd5cb931fd4f9de	present	full-body	domain
packages/nodes-core/src/webhook/executor.ts	ee8bb9bf210529f64f89c87edb60cd05876808d5	ee8bb9bf210529f64f89c87edb60cd05876808d5	present	full-body	domain
packages/nodes-core/src/webhook/index.ts	7cc9d0614dc059c4c7881415345af44003f1ad50	7cc9d0614dc059c4c7881415345af44003f1ad50	present	full-body	domain
packages/nodes-core/src/webhook/validation.ts	e83506c49884a9ea59ad9e5241a40ea455c8d81b	e83506c49884a9ea59ad9e5241a40ea455c8d81b	present	full-body	domain
packages/nodes-core/test/data-nodes.test.ts	275782ecefbaf105cdce990d2ec93aa7e990f2ce	275782ecefbaf105cdce990d2ec93aa7e990f2ce	present	full-body	domain
packages/nodes-core/test/node-execution.test.ts	bcee419d2e5192c7e10cbe66cfe8a63176da5a43	bcee419d2e5192c7e10cbe66cfe8a63176da5a43	present	full-body	domain
packages/nodes-core/test/orchestration-nodes.test.ts	b9fac9da8db374456a240af0815a800aacda8cd0	b9fac9da8db374456a240af0815a800aacda8cd0	present	full-body	domain
packages/nodes-core/test/package-contract.test.ts	d4d6b17ae8e2602234694b7416d056ebf42797af	d4d6b17ae8e2602234694b7416d056ebf42797af	present	full-body	domain
packages/nodes-core/test/retained-registry.test.ts	fb7e8d86005f22ae799b2cf4f9db793423c0b606	fb7e8d86005f22ae799b2cf4f9db793423c0b606	present	full-body	domain
packages/nodes-core/test/trigger-nodes.test.ts	3be5488693edb0c29de0cb3cd9ca2ed874ba872a	3be5488693edb0c29de0cb3cd9ca2ed874ba872a	present	full-body	domain
packages/nodes-core/test/validate.test.ts	86668e7f170234d22627c90198e51478a46e02e6	86668e7f170234d22627c90198e51478a46e02e6	present	full-body	domain
packages/nodes-core/tsconfig.json	e51e4aa24cafbbc2851c78956a7d0bec17c641c0	e51e4aa24cafbbc2851c78956a7d0bec17c641c0	present	full-body	domain
packages/nodes-core/tsconfig.test.json	df52f8bc2281a94d6c9377eed20383f5c9e2111d	df52f8bc2281a94d6c9377eed20383f5c9e2111d	present	full-body	domain
packages/nodes-core/vitest.config.ts	85261002345f81c63122e4e3167b1c66e564db5e	85261002345f81c63122e4e3167b1c66e564db5e	present	full-body	domain
packages/nodes-core/vitest.coverage.config.ts	df96296ad3c817708aa40c7277d9eb81f57564c7	df96296ad3c817708aa40c7277d9eb81f57564c7	present	full-body	domain
packages/observability/package.json	5504a601aefecddbf814565071f87509688cc2da	5504a601aefecddbf814565071f87509688cc2da	present	full-body	adapter
packages/observability/src/config.ts	1523da07d868153f7c60369e591cb6df4f71809e	1523da07d868153f7c60369e591cb6df4f71809e	present	full-body	adapter
packages/observability/src/index.ts	9afb748612395f2469b475c2cdf82aae8abcd2f8	9afb748612395f2469b475c2cdf82aae8abcd2f8	present	full-body	adapter
packages/observability/src/logger.ts	d0b26560163748fb83db503a64a4f5a4174bf111	d0b26560163748fb83db503a64a4f5a4174bf111	present	full-body	adapter
packages/observability/src/maintenance-metrics.ts	0b115015a4b01819d31ef3adc1172f8766bd0465	0b115015a4b01819d31ef3adc1172f8766bd0465	present	full-body	adapter
packages/observability/src/nest-runtime.ts	f4fad1274bcafe8bd9bdf51c7636539a91c191f6	f4fad1274bcafe8bd9bdf51c7636539a91c191f6	present	full-body	adapter
packages/observability/src/queue-tracing.ts	f0745a62342da91dc5634a2831bcd749990b8a74	f0745a62342da91dc5634a2831bcd749990b8a74	present	full-body	adapter
packages/observability/src/runtime.ts	1f8d5b1d27bb9390b2595d978bac0eaaf0377375	1f8d5b1d27bb9390b2595d978bac0eaaf0377375	present	full-body	adapter
packages/observability/src/server-only.ts	c1e026aa2f2d40ea0c0aa676635f4641bd3e7bcc	c1e026aa2f2d40ea0c0aa676635f4641bd3e7bcc	present	full-body	adapter
packages/observability/src/telemetry-sanitization.ts	10aecd6a2ffbabe6e02b7127c72e4ccf376cba18	10aecd6a2ffbabe6e02b7127c72e4ccf376cba18	present	full-body	adapter
packages/observability/src/telemetry.ts	1b8febb2678c40095918ece6e8564bbc3ee6e7c4	1b8febb2678c40095918ece6e8564bbc3ee6e7c4	present	full-body	adapter
packages/observability/src/transport-metrics.ts	07ca4b84a277ae4569090a46a5d6c73e3448a54a	07ca4b84a277ae4569090a46a5d6c73e3448a54a	present	full-body	adapter
packages/observability/test/config.test.ts	9514698f0e4ea821a888eaa279d51142b35da96a	9514698f0e4ea821a888eaa279d51142b35da96a	present	full-body	adapter
packages/observability/test/logger.test.ts	b3682f70a75db792508b6f661f096227c5350f48	b3682f70a75db792508b6f661f096227c5350f48	present	full-body	adapter
packages/observability/test/maintenance-metrics.test.ts	c19f0a920a48a691ad4189bed81ea0ac821e27b2	c19f0a920a48a691ad4189bed81ea0ac821e27b2	present	full-body	adapter
packages/observability/test/nest-runtime.test.ts	3f973e0bb9d37712dcc6cbcf3c6a211ea91466ce	3f973e0bb9d37712dcc6cbcf3c6a211ea91466ce	present	full-body	adapter
packages/observability/test/operations-assets.test.ts	0c866b547d076125e1aa72032b562dbc57e1fb51	0c866b547d076125e1aa72032b562dbc57e1fb51	present	full-body	adapter
packages/observability/test/package-contract.test.ts	0c6f49cebf1cb8dff018460835caa66f6970a30e	0c6f49cebf1cb8dff018460835caa66f6970a30e	present	full-body	adapter
packages/observability/test/queue-tracing.test.ts	dd694f46070e4521149a7857395bc9003627fc48	dd694f46070e4521149a7857395bc9003627fc48	present	full-body	adapter
packages/observability/test/runtime.test.ts	e6727e818d066aed64af959a573f40598fd3f82a	e6727e818d066aed64af959a573f40598fd3f82a	present	full-body	adapter
packages/observability/test/telemetry-http-sanitization.test.ts	c39648791987f8015c537664fc73513cab682861	c39648791987f8015c537664fc73513cab682861	present	full-body	adapter
packages/observability/test/telemetry.test.ts	65fc7cf3516bd992c2dbbfd282887ea11df08bcd	65fc7cf3516bd992c2dbbfd282887ea11df08bcd	present	full-body	adapter
packages/observability/test/transport-metrics.test.ts	2e129d959bd9d7754e0e311586d86aaa41bc81be	2e129d959bd9d7754e0e311586d86aaa41bc81be	present	full-body	adapter
packages/observability/tsconfig.json	7e4f9102dbc3929fe210f2f90fabc4de981d848c	7e4f9102dbc3929fe210f2f90fabc4de981d848c	present	full-body	adapter
packages/observability/tsconfig.test.json	df52f8bc2281a94d6c9377eed20383f5c9e2111d	df52f8bc2281a94d6c9377eed20383f5c9e2111d	present	full-body	adapter
packages/observability/vitest.config.ts	33294f5e478c492a1a6721d8c519aeb7b4a00136	33294f5e478c492a1a6721d8c519aeb7b4a00136	present	full-body	adapter
packages/observability/vitest.coverage.config.ts	5b90e0003271b0989998049980abbbb8f90c2594	5b90e0003271b0989998049980abbbb8f90c2594	present	full-body	adapter
packages/queue/package.json	3e6c5b54b42da29feae87a7c66f4914e45fa101f	3e6c5b54b42da29feae87a7c66f4914e45fa101f	present	full-body	adapter
packages/queue/src/consumer.ts	3acccbc3d970d67dbd7218b95aa3d60226318afd	3acccbc3d970d67dbd7218b95aa3d60226318afd	present	full-body	adapter
packages/queue/src/contracts.ts	a2554524595607c3697095e58ed26cb501f3456a	a2554524595607c3697095e58ed26cb501f3456a	present	full-body	adapter
packages/queue/src/defaults.ts	0ceb13308781b7ec5a73ea42a949ed69817f527f	0ceb13308781b7ec5a73ea42a949ed69817f527f	present	full-body	adapter
packages/queue/src/delivery-admission.ts	65616b32711ed7d5a2775d517a259a4f90cc6139	65616b32711ed7d5a2775d517a259a4f90cc6139	present	full-body	adapter
packages/queue/src/index.ts	e58db51811996b51b4b2e7d8f60cac6330a126fa	e58db51811996b51b4b2e7d8f60cac6330a126fa	present	full-body	adapter
packages/queue/src/names.ts	3a1d7c9fb20e3f5ef529c6e176d1e0d09a14115e	3a1d7c9fb20e3f5ef529c6e176d1e0d09a14115e	present	full-body	adapter
packages/queue/src/producer.ts	2ec2e2d71203e3b60019dee522dfe562a831a27f	2ec2e2d71203e3b60019dee522dfe562a831a27f	present	full-body	adapter
packages/queue/src/redis-endpoint.ts	f295825a01bda790ce81938395a80c4b4f376a3e	f295825a01bda790ce81938395a80c4b4f376a3e	present	full-body	adapter
packages/queue/src/redis-telemetry-contracts.ts	911d0772b6a1cfe3a4003a5bb56c143622cd41c7	911d0772b6a1cfe3a4003a5bb56c143622cd41c7	present	full-body	adapter
packages/queue/src/redis-telemetry.ts	3becebf43f3c493447a5d45602ec4a2c8523b474	3becebf43f3c493447a5d45602ec4a2c8523b474	present	full-body	adapter
packages/queue/src/run-event-notifications.ts	b92c46f4072dd38725c5aa2803bf3ab322796f4c	b92c46f4072dd38725c5aa2803bf3ab322796f4c	present	full-body	adapter
packages/queue/src/server-only.ts	68dcab30fa176b34c506beb23f712c6ce8362989	68dcab30fa176b34c506beb23f712c6ce8362989	present	full-body	adapter
packages/queue/test/compatibility.test.ts	7a44333a9c3793f1ec8d0c68887cbdd3b69292d4	7a44333a9c3793f1ec8d0c68887cbdd3b69292d4	present	full-body	adapter
packages/queue/test/consumer.test.ts	8ac08dfcb6d4b02a2a2b70dbe4f202ebaf66fc2c	8ac08dfcb6d4b02a2a2b70dbe4f202ebaf66fc2c	present	full-body	adapter
packages/queue/test/contracts.test.ts	9b08fefecf5f3fcd7914b438780f34a2480e852c	9b08fefecf5f3fcd7914b438780f34a2480e852c	present	full-body	adapter
packages/queue/test/defaults.test.ts	57bf17bee0efac2ae172d77e778d90651f3a1a7b	57bf17bee0efac2ae172d77e778d90651f3a1a7b	present	full-body	adapter
packages/queue/test/fixtures/queue-jobs-v1.json	78827b6f5d68b8d262626a13ebaa41658e5a7857	78827b6f5d68b8d262626a13ebaa41658e5a7857	present	full-body	adapter
packages/queue/test/names.test.ts	aec1211b29b7fb138891364f31595b717a065e8a	aec1211b29b7fb138891364f31595b717a065e8a	present	full-body	adapter
packages/queue/test/package-contract.test.ts	c0278d514462accb977971cb595eabb2522e3176	c0278d514462accb977971cb595eabb2522e3176	present	full-body	adapter
packages/queue/test/producer.test.ts	8e9c8d09db9ef47967f511d2c3b8e828b4f0f75e	8e9c8d09db9ef47967f511d2c3b8e828b4f0f75e	present	full-body	adapter
packages/queue/test/public-surface.test.ts	3e566e175fcb40289dd7848efa7100e81cec45aa	3e566e175fcb40289dd7848efa7100e81cec45aa	present	full-body	adapter
packages/queue/test/redis-endpoint.test.ts	fd14a2112849fb16e163be8d473ddc3f3a6e8dac	fd14a2112849fb16e163be8d473ddc3f3a6e8dac	present	full-body	adapter
packages/queue/test/redis-telemetry.integration.test.ts	e7fb2f1244f14d0cbb4d6019668701c387d6bfd1	e7fb2f1244f14d0cbb4d6019668701c387d6bfd1	present	full-body	adapter
packages/queue/test/redis-telemetry.test.ts	07438f82e137d298ed38e8e764855647b0806c8c	07438f82e137d298ed38e8e764855647b0806c8c	present	full-body	adapter
packages/queue/test/run-event-notifications.test.ts	2ddae3ba0682bace372c1f8b057720992aa44580	2ddae3ba0682bace372c1f8b057720992aa44580	present	full-body	adapter
packages/queue/tsconfig.json	589a74d33abeb4ac515c02b7242bc1d4b0308cfe	589a74d33abeb4ac515c02b7242bc1d4b0308cfe	present	full-body	adapter
packages/queue/tsconfig.test.json	df52f8bc2281a94d6c9377eed20383f5c9e2111d	df52f8bc2281a94d6c9377eed20383f5c9e2111d	present	full-body	adapter
packages/queue/vitest.config.ts	33294f5e478c492a1a6721d8c519aeb7b4a00136	33294f5e478c492a1a6721d8c519aeb7b4a00136	present	full-body	adapter
packages/queue/vitest.coverage.config.ts	8d1b458932be85129a18ff79dc6119d92f3a8766	8d1b458932be85129a18ff79dc6119d92f3a8766	present	full-body	adapter
packages/queue/vitest.integration.config.ts	2a27854f5db9eb470cb36084e8971bdd8c40c6d9	2a27854f5db9eb470cb36084e8971bdd8c40c6d9	present	full-body	adapter
packages/rate-limit/package.json	b84fbb9072f8f80dccfb00f96ef6113256a56d09	b84fbb9072f8f80dccfb00f96ef6113256a56d09	present	full-body	adapter
packages/rate-limit/src/distributed-rate-limiter.ts	1b46d98d693140c15ddb33a1c191cd5b29848dd5	1b46d98d693140c15ddb33a1c191cd5b29848dd5	present	full-body	adapter
packages/rate-limit/src/index.ts	d3f9abab63bf3dbde6899948bbc2fef012d91c47	d3f9abab63bf3dbde6899948bbc2fef012d91c47	present	full-body	adapter
packages/rate-limit/src/policy.ts	ffff9a6f0ca47df98414d4ef94c4f2bc0ae9c382	ffff9a6f0ca47df98414d4ef94c4f2bc0ae9c382	present	full-body	adapter
packages/rate-limit/src/redis-runtime.ts	fb22bc37e0601b6b7cf67f3e5aa4152eedb3bc85	fb22bc37e0601b6b7cf67f3e5aa4152eedb3bc85	present	full-body	adapter
packages/rate-limit/test/distributed-rate-limiter.test.ts	cb695d50dc90f50512af35933f5cafd36b14ad91	cb695d50dc90f50512af35933f5cafd36b14ad91	present	full-body	adapter
packages/rate-limit/test/policy.test.ts	7f913fe89bc84f4e726272191461bf070f729ded	7f913fe89bc84f4e726272191461bf070f729ded	present	full-body	adapter
packages/rate-limit/test/redis-runtime.test.ts	8d227b0c45448fe42397ceb01c0fabefb90633b6	8d227b0c45448fe42397ceb01c0fabefb90633b6	present	full-body	adapter
packages/rate-limit/tsconfig.json	589a74d33abeb4ac515c02b7242bc1d4b0308cfe	589a74d33abeb4ac515c02b7242bc1d4b0308cfe	present	full-body	adapter
packages/rate-limit/tsconfig.test.json	e7b728cba33aa191136fbb178dbf34a8a2a168ab	e7b728cba33aa191136fbb178dbf34a8a2a168ab	present	full-body	adapter
packages/rate-limit/vitest.config.ts	3a3b21daaf4c25364f7d6ac9c8bd2dd9393eb15e	3a3b21daaf4c25364f7d6ac9c8bd2dd9393eb15e	present	full-body	adapter
packages/rate-limit/vitest.coverage.config.ts	1e6a3fcd32d8f31decdfc947c3fd1c522c7daf31	1e6a3fcd32d8f31decdfc947c3fd1c522c7daf31	present	full-body	adapter
packages/workflow-engine/package.json	deb7b69708db492a43130ba79da377ffd9a9ce9a	deb7b69708db492a43130ba79da377ffd9a9ce9a	present	full-body	domain
packages/workflow-engine/src/advance-workflow.ts	117dee5d7f58a37ec4742c85b3363fdf1036bf97	117dee5d7f58a37ec4742c85b3363fdf1036bf97	present	full-body	domain
packages/workflow-engine/src/checkpoint-identity.ts	c2e1521a01a55c2c8777d2da9ad1babf88faabce	c2e1521a01a55c2c8777d2da9ad1babf88faabce	present	full-body	domain
packages/workflow-engine/src/checkpoint-shared.ts	0c0c7104ca00dad9dcc7a1964114e31a80891a4a	0c0c7104ca00dad9dcc7a1964114e31a80891a4a	present	full-body	domain
packages/workflow-engine/src/checkpoint-v1-join.ts	d47642d028092f775d29b9e829d50823f03be139	d47642d028092f775d29b9e829d50823f03be139	present	full-body	domain
packages/workflow-engine/src/checkpoint-v1-loop.ts	aead626846b4b6b3e1821cbdc7435b8be2d90973	aead626846b4b6b3e1821cbdc7435b8be2d90973	present	full-body	domain
packages/workflow-engine/src/checkpoint-v1.ts	385954706c4e240cda12ac8e2e6b519690f7b563	385954706c4e240cda12ac8e2e6b519690f7b563	present	full-body	domain
packages/workflow-engine/src/checkpoint-v2.ts	4b92bf9fdd953336c3f04094e56efaafbebf304f	4b92bf9fdd953336c3f04094e56efaafbebf304f	present	full-body	domain
packages/workflow-engine/src/checkpoint.ts	0bbaf669951d6190802220a2df0e258dbb0635b2	0bbaf669951d6190802220a2df0e258dbb0635b2	present	full-body	domain
packages/workflow-engine/src/coordinator-failures.ts	67ab82324250113eebc32c7530e0481a77f5c6d9	67ab82324250113eebc32c7530e0481a77f5c6d9	present	full-body	domain
packages/workflow-engine/src/coordinator-observations.ts	c46c212fcc493939b6df6c6ba5c1aa2302ea3768	c46c212fcc493939b6df6c6ba5c1aa2302ea3768	present	full-body	domain
packages/workflow-engine/src/coordinator-output.ts	d10d10bc0cd1080da9d43c104d047423005adf5d	d10d10bc0cd1080da9d43c104d047423005adf5d	present	full-body	domain
packages/workflow-engine/src/core-definition-identities.ts	a4e244d475714ddcb88c323838057af3e3e5f0f4	a4e244d475714ddcb88c323838057af3e3e5f0f4	present	full-body	domain
packages/workflow-engine/src/errors.ts	0d268fc7a2b4b153dc1f67c86125dddea58b5f48	0d268fc7a2b4b153dc1f67c86125dddea58b5f48	present	full-body	domain
packages/workflow-engine/src/executable-boundary.ts	d55ab053b0dc5262766f159861879e5bb396af4f	d55ab053b0dc5262766f159861879e5bb396af4f	present	full-body	domain
packages/workflow-engine/src/executable-compatibility.ts	6bd03fda900d8b433f02baf2aa4ab52f495b1dbd	6bd03fda900d8b433f02baf2aa4ab52f495b1dbd	present	full-body	domain
packages/workflow-engine/src/executable-compilation.ts	3acc983bebeeb69522b486167555690a637e1dc9	3acc983bebeeb69522b486167555690a637e1dc9	present	full-body	domain
packages/workflow-engine/src/executable-foundation.ts	e76949dd9d78154230c13b2aa70bd436c28a73e0	e76949dd9d78154230c13b2aa70bd436c28a73e0	present	full-body	domain
packages/workflow-engine/src/executable-graph-boundary.ts	9c3b5ed81dea65bad4502f6daa5d160eb88f12a4	9c3b5ed81dea65bad4502f6daa5d160eb88f12a4	present	full-body	domain
packages/workflow-engine/src/executable-graph-rules.ts	b91cc658ef648b1a2e87fa15c1690c4555e91ec6	b91cc658ef648b1a2e87fa15c1690c4555e91ec6	present	full-body	domain
packages/workflow-engine/src/executable-graph-validation-index.ts	e6348584c965b075d19f9327482ad9df3bd7179f	e6348584c965b075d19f9327482ad9df3bd7179f	present	full-body	domain
packages/workflow-engine/src/executable-graph.ts	d6ab5842343ce8d7a7fbc4bee31c97fdb08133a7	d6ab5842343ce8d7a7fbc4bee31c97fdb08133a7	present	full-body	domain
packages/workflow-engine/src/executable-identity.ts	457e1155b070f3fd1c25e61861691fab5ae9e385	457e1155b070f3fd1c25e61861691fab5ae9e385	present	full-body	domain
packages/workflow-engine/src/executable-validation.ts	8b0068c93904b8f54814d83b0100088fe08c8cd4	8b0068c93904b8f54814d83b0100088fe08c8cd4	present	full-body	domain
packages/workflow-engine/src/executable-workflow.ts	efdacc884d8e57f2f64f06485cff59a86c5f3053	efdacc884d8e57f2f64f06485cff59a86c5f3053	present	full-body	domain
packages/workflow-engine/src/graph-scheduler-indexes.ts	028dffca0d4efa5ed6cc618bc6d0e16a61149033	028dffca0d4efa5ed6cc618bc6d0e16a61149033	present	full-body	domain
packages/workflow-engine/src/graph-scheduler.ts	b9a46b2dba3e18b67c74e2bf82ff72f1ab457e00	b9a46b2dba3e18b67c74e2bf82ff72f1ab457e00	present	full-body	domain
packages/workflow-engine/src/index.ts	ad8d224769022b2ad1d62c49ea27bcc75019c3c1	ad8d224769022b2ad1d62c49ea27bcc75019c3c1	present	full-body	domain
packages/workflow-engine/src/node-attempt-input.ts	21c1274eacb6963aef26f77e188c011cf618a5d1	21c1274eacb6963aef26f77e188c011cf618a5d1	present	full-body	domain
packages/workflow-engine/src/operation-values.ts	963e14f1d4b4f40b5537ff277127dcef4a00c253	963e14f1d4b4f40b5537ff277127dcef4a00c253	present	full-body	domain
packages/workflow-engine/src/operations.ts	d931e81f49df5cff1f04c09e7dd92fb6a1d635d9	d931e81f49df5cff1f04c09e7dd92fb6a1d635d9	present	full-body	domain
packages/workflow-engine/src/ordering.ts	2d5b8cfba68bfb555c3da6b789468270d8bd363a	2d5b8cfba68bfb555c3da6b789468270d8bd363a	present	full-body	domain
packages/workflow-engine/src/persisted-observation-parser.ts	c9e0a6d117548b03cb7ef907dd6c89164264ba5d	c9e0a6d117548b03cb7ef907dd6c89164264ba5d	present	full-body	domain
packages/workflow-engine/src/persisted-observations.ts	5b2a704056b0b7865c50b87e42a098c4fa066b92	5b2a704056b0b7865c50b87e42a098c4fa066b92	present	full-body	domain
packages/workflow-engine/src/retries.ts	0dd6e106e4b6462bb41fa55f3a9725d37aea7af2	0dd6e106e4b6462bb41fa55f3a9725d37aea7af2	present	full-body	domain
packages/workflow-engine/src/runtime.ts	aec4b9dbc3d7ad116b365289c25fee9dc9d2d0d9	aec4b9dbc3d7ad116b365289c25fee9dc9d2d0d9	present	full-body	domain
packages/workflow-engine/src/scheduling.ts	663e478f83e0e4f00cc3d8edcdaf450febefe468	663e478f83e0e4f00cc3d8edcdaf450febefe468	present	full-body	domain
packages/workflow-engine/src/scope.ts	8db5fe107de0a2e9a81566f12ab825e11a682429	8db5fe107de0a2e9a81566f12ab825e11a682429	present	full-body	domain
packages/workflow-engine/src/server-only.ts	7e131a9e153aa3e2dacedff96c609870b202d01d	7e131a9e153aa3e2dacedff96c609870b202d01d	present	full-body	domain
packages/workflow-engine/src/testing-graph.ts	a335c6842556b21c355cef1b2aeaf98b1e3ff9a3	a335c6842556b21c355cef1b2aeaf98b1e3ff9a3	present	full-body	domain
packages/workflow-engine/src/testing.ts	44539f2b95acc5ceece950cde1e903928f319e40	44539f2b95acc5ceece950cde1e903928f319e40	present	full-body	domain
packages/workflow-engine/src/transition-decisions.ts	027fcc3043ebcf8e22352500826ac4bd95d0469c	027fcc3043ebcf8e22352500826ac4bd95d0469c	present	full-body	domain
packages/workflow-engine/src/transitions.ts	8cded0504bb09094da4d83571c3dd8d7dc6e49b4	8cded0504bb09094da4d83571c3dd8d7dc6e49b4	present	full-body	domain
packages/workflow-engine/src/types.ts	3d49bae09586b5a4027f975925b030e390c54be3	3d49bae09586b5a4027f975925b030e390c54be3	present	full-body	domain
packages/workflow-engine/src/workflow-transition-derived.ts	dd2d08cc044c03c9413d424758c296d79d178dd0	dd2d08cc044c03c9413d424758c296d79d178dd0	present	full-body	domain
packages/workflow-engine/src/workflow-transition-observations.ts	a922932ca355c8f851e31d1b67b787a0fadb7dbb	a922932ca355c8f851e31d1b67b787a0fadb7dbb	present	full-body	domain
packages/workflow-engine/src/workflow-transition-plan.ts	2d8a777c3ef639ebbf3133be485a4677389e53f1	2d8a777c3ef639ebbf3133be485a4677389e53f1	present	full-body	domain
packages/workflow-engine/src/workflow-transition-state.ts	e67e7695d0eeaebede63cf9a6a815b9d644ecec4	e67e7695d0eeaebede63cf9a6a815b9d644ecec4	present	full-body	domain
packages/workflow-engine/src/workflow-transition-stops.ts	29a959d856d0f6858bd2f5fd88dfc245b8eadd8d	29a959d856d0f6858bd2f5fd88dfc245b8eadd8d	present	full-body	domain
packages/workflow-engine/test/advance-workflow-branching.test.ts	b486724548ed1c9b9d553d2644901599b354e31d	b486724548ed1c9b9d553d2644901599b354e31d	present	full-body	domain
packages/workflow-engine/test/advance-workflow-risk-branches.test.ts	e1395363840397994398c54328bbb18feef98fee	e1395363840397994398c54328bbb18feef98fee	present	full-body	domain
packages/workflow-engine/test/advance-workflow-transitions.test.ts	a9b8e50e0f3e13b5f48f9c582f4cfb31d6eed5c0	a9b8e50e0f3e13b5f48f9c582f4cfb31d6eed5c0	present	full-body	domain
packages/workflow-engine/test/branch-join-scheduling.test.ts	cb96f188ba433b90def79bbdaee79717464dc0ef	cb96f188ba433b90def79bbdaee79717464dc0ef	present	full-body	domain
packages/workflow-engine/test/checkpoint-risk-branches.test.ts	ac19067226fbf509ba82077f4acfc950b68c54d7	ac19067226fbf509ba82077f4acfc950b68c54d7	present	full-body	domain
packages/workflow-engine/test/checkpoint-seam.test.ts	d269978f58383270b34fea9bc771f9942d8a770a	d269978f58383270b34fea9bc771f9942d8a770a	present	full-body	domain
packages/workflow-engine/test/executable-workflow-branching.test.ts	873408655cc21424d9ac17afa2bd6c89f15f7006	873408655cc21424d9ac17afa2bd6c89f15f7006	present	full-body	domain
packages/workflow-engine/test/executable-workflow-controls.test.ts	b5d735d06fc4d37ef8d6c5f54cfd8d34b41e22f0	b5d735d06fc4d37ef8d6c5f54cfd8d34b41e22f0	present	full-body	domain
packages/workflow-engine/test/executable-workflow-foreach-part-2.test.ts	57e94af889d8d81408c60f2396dcd5594fd9deb4	57e94af889d8d81408c60f2396dcd5594fd9deb4	present	full-body	domain
packages/workflow-engine/test/executable-workflow-foreach.test.ts	6e486390bd010f28632296d37b04960971b7e4e2	6e486390bd010f28632296d37b04960971b7e4e2	present	full-body	domain
packages/workflow-engine/test/executable-workflow-identity.test.ts	6f1f9911b8aff1b045d669ae00d2e2a0a8cbc290	6f1f9911b8aff1b045d669ae00d2e2a0a8cbc290	present	full-body	domain
packages/workflow-engine/test/executable-workflow-inputs.test.ts	024d2caae1a757969fd54625f955d490aabfe2f3	024d2caae1a757969fd54625f955d490aabfe2f3	present	full-body	domain
packages/workflow-engine/test/executable-workflow-outcomes.test.ts	b0e6a18d74ca9a0707c1a45f4ddf892af5747e12	b0e6a18d74ca9a0707c1a45f4ddf892af5747e12	present	full-body	domain
packages/workflow-engine/test/executable-workflow.fixtures.ts	bd84bb4f8bb0d3edf630d5f0ec13a1b4a62a203c	bd84bb4f8bb0d3edf630d5f0ec13a1b4a62a203c	present	full-body	domain
packages/workflow-engine/test/foreach-scheduling.test.ts	6f4eed79e3dfc6bbef3c819be793df1180319273	6f4eed79e3dfc6bbef3c819be793df1180319273	present	full-body	domain
packages/workflow-engine/test/nested-parallel-admission.test.ts	fd1b388a7e6b5b17f97bd6911aae0abc589b51ea	fd1b388a7e6b5b17f97bd6911aae0abc589b51ea	present	full-body	domain
packages/workflow-engine/test/operation-risk-branches.test.ts	52047f37eeb2d358e8164e3001772599ade90a9f	52047f37eeb2d358e8164e3001772599ade90a9f	present	full-body	domain
packages/workflow-engine/test/package-contract.test.ts	51bbb94b1bb2967ec17b5e98ea00ccdc700f4eee	51bbb94b1bb2967ec17b5e98ea00ccdc700f4eee	present	full-body	domain
packages/workflow-engine/test/parallel-output-assurance.test.ts	f4119ccf69832f52a00dd06dd43bfde80e2fcfca	f4119ccf69832f52a00dd06dd43bfde80e2fcfca	present	full-body	domain
packages/workflow-engine/test/retry-policy-mutation.test.ts	f1daadffb2f1e78b85c75ef451d999d39e909763	f1daadffb2f1e78b85c75ef451d999d39e909763	present	full-body	domain
packages/workflow-engine/test/retry-wait-cancellation.test.ts	4eec0a8fccfccb3adba54ac81a296711a42debc6	4eec0a8fccfccb3adba54ac81a296711a42debc6	present	full-body	domain
packages/workflow-engine/test/scheduler-projection.test.ts	9b8ecb763df16dccf1ff823b133a92e222c9186b	9b8ecb763df16dccf1ff823b133a92e222c9186b	present	full-body	domain
packages/workflow-engine/test/scope.test.ts	4b4d995e43dee16f553c581c5bb8d80672537685	4b4d995e43dee16f553c581c5bb8d80672537685	present	full-body	domain
packages/workflow-engine/test/skipped-parallel-merge.test.ts	2bf01c1e18f7d8c1baa8daac08fd70ceb2e59cd7	2bf01c1e18f7d8c1baa8daac08fd70ceb2e59cd7	present	full-body	domain
packages/workflow-engine/test/state-machine-model.test.ts	dfed845b94da9a9f9df7d5eaa321da8629cf0bd7	dfed845b94da9a9f9df7d5eaa321da8629cf0bd7	present	full-body	domain
packages/workflow-engine/test/support/advance-workflow.fixture.ts	b910867dec4fd5bba26b351609cc889cdd109b4f	b910867dec4fd5bba26b351609cc889cdd109b4f	present	full-body	domain
packages/workflow-engine/test/transition-policy-mutation.test.ts	d062fcec7a5b879461b01d8dc20963fe4e3b21ac	d062fcec7a5b879461b01d8dc20963fe4e3b21ac	present	full-body	domain
packages/workflow-engine/test/workflow-transition-risk-behavior.test.ts	8c649a7dbc7e152a1151340338ed056334fdbd5e	8c649a7dbc7e152a1151340338ed056334fdbd5e	present	full-body	domain
packages/workflow-engine/tsconfig.json	37ab10a51f69ea0c6760959b1d786893e5ea84f9	37ab10a51f69ea0c6760959b1d786893e5ea84f9	present	full-body	domain
packages/workflow-engine/tsconfig.test.json	e7b728cba33aa191136fbb178dbf34a8a2a168ab	e7b728cba33aa191136fbb178dbf34a8a2a168ab	present	full-body	domain
packages/workflow-engine/vitest.config.ts	33294f5e478c492a1a6721d8c519aeb7b4a00136	33294f5e478c492a1a6721d8c519aeb7b4a00136	present	full-body	domain
packages/workflow-engine/vitest.coverage.config.ts	12be656a80303238273d570a2322ea6749fd2580	12be656a80303238273d570a2322ea6749fd2580	present	full-body	domain
packages/workflow-model/package.json	b24a71f59ad54ce9f01574a0b06858e688db0c57	b24a71f59ad54ce9f01574a0b06858e688db0c57	present	full-body	domain
packages/workflow-model/src/assert-never.ts	c53a3142e544e6523c657eb3ec0898c41a1037de	c53a3142e544e6523c657eb3ec0898c41a1037de	present	full-body	domain
packages/workflow-model/src/canonical-json.ts	6ab3fc428a0d0fef3ed2a919c416dac9380fabe5	6ab3fc428a0d0fef3ed2a919c416dac9380fabe5	present	full-body	domain
packages/workflow-model/src/expression-worker-runtime.ts	4437109252f72bbe8e63094b3b25ea5101a1df88	4437109252f72bbe8e63094b3b25ea5101a1df88	present	full-body	domain
packages/workflow-model/src/expressions.ts	2c5e71d178b091d3494ccb5c9befb428a673fec7	2c5e71d178b091d3494ccb5c9befb428a673fec7	present	full-body	domain
packages/workflow-model/src/expressions/evaluator.ts	987fc5186ea3dd951442ddadeef0627eeef9e4b6	987fc5186ea3dd951442ddadeef0627eeef9e4b6	present	full-body	domain
packages/workflow-model/src/expressions/policy.ts	563cf26b94603b3465bef2549dfed5ebbed1fde4	563cf26b94603b3465bef2549dfed5ebbed1fde4	present	full-body	domain
packages/workflow-model/src/failure-notification.ts	2a84fcaa22b29d2d7d0a9df130b1c1e16b86db89	2a84fcaa22b29d2d7d0a9df130b1c1e16b86db89	present	full-body	domain
packages/workflow-model/src/graph-contract.ts	fcac0b3ffe8c8ac82413e7de70e604512371d789	fcac0b3ffe8c8ac82413e7de70e604512371d789	present	full-body	domain
packages/workflow-model/src/graph-validation.ts	982fd9d1e602d49d9184ab9a6af3aaa75386c0d4	982fd9d1e602d49d9184ab9a6af3aaa75386c0d4	present	full-body	domain
packages/workflow-model/src/graph.ts	bbcbba942ffbd62d71045dbe4e6ce0f6dd3a2727	bbcbba942ffbd62d71045dbe4e6ce0f6dd3a2727	present	full-body	domain
packages/workflow-model/src/graph/identity.ts	3cb3cee5ae5dce244cf73231b597df5ca1543640	3cb3cee5ae5dce244cf73231b597df5ca1543640	present	full-body	domain
packages/workflow-model/src/graph/preflight.ts	50c149ccb4d930050b5dca83f6bbce12a07502f2	50c149ccb4d930050b5dca83f6bbce12a07502f2	present	full-body	domain
packages/workflow-model/src/graph/validation-contract.ts	4ba1f5442c8d5fd91dd5b22a5717b48602d980af	4ba1f5442c8d5fd91dd5b22a5717b48602d980af	present	full-body	domain
packages/workflow-model/src/graph/validation.ts	f81fb361e3c6d57497362ea652af9a28445cc649	f81fb361e3c6d57497362ea652af9a28445cc649	present	full-body	domain
packages/workflow-model/src/index.ts	92a9060821234a4fe2b96545a1fc5af5129eda6d	92a9060821234a4fe2b96545a1fc5af5129eda6d	present	full-body	domain
packages/workflow-model/src/invocation-identity.ts	c4f2e360e1715ccac92c639d35d92c21a56ba777	c4f2e360e1715ccac92c639d35d92c21a56ba777	present	full-body	domain
packages/workflow-model/src/json-path.ts	3436b12def177cddb36355806276b690b47af2f8	3436b12def177cddb36355806276b690b47af2f8	present	full-body	domain
packages/workflow-model/src/lifecycle.ts	49ff6050e356a37070209ec048325d9d56c654a0	49ff6050e356a37070209ec048325d9d56c654a0	present	full-body	domain
packages/workflow-model/src/mapping.ts	571a68b12460f9e56cf5453d4d85e21d9deb0024	571a68b12460f9e56cf5453d4d85e21d9deb0024	present	full-body	domain
packages/workflow-model/src/observation-window.ts	3151c708bad17e58438fa4a0e4c241a3d25a5848	3151c708bad17e58438fa4a0e4c241a3d25a5848	present	full-body	domain
packages/workflow-model/src/server-only.ts	d4e59714dcae7529dded62ec2cbde4be63bcfda1	d4e59714dcae7529dded62ec2cbde4be63bcfda1	present	full-body	domain
packages/workflow-model/test/canonical-json.test.ts	18b592d5dcabc9bd54f80f57b552328ca39e2753	18b592d5dcabc9bd54f80f57b552328ca39e2753	present	full-body	domain
packages/workflow-model/test/expressions.test.ts	c19544ff58244081540c0c3640bf542036839e9c	c19544ff58244081540c0c3640bf542036839e9c	present	full-body	domain
packages/workflow-model/test/failure-notification.test.ts	93d54ce082857607027e96ccb40d34b3cc4b60d1	93d54ce082857607027e96ccb40d34b3cc4b60d1	present	full-body	domain
packages/workflow-model/test/fixtures/retained-workflow-v1.json	73b6c89b4468977291eb9af56db06a74c1aa2c93	73b6c89b4468977291eb9af56db06a74c1aa2c93	present	full-body	domain
packages/workflow-model/test/graph.test.ts	61e8c3d2bc1021cd91170d055a367050e0523a65	61e8c3d2bc1021cd91170d055a367050e0523a65	present	full-body	domain
packages/workflow-model/test/lifecycle.test.ts	f9fcd98a14050f4ff6f00e2caaeff36bb71a2e36	f9fcd98a14050f4ff6f00e2caaeff36bb71a2e36	present	full-body	domain
packages/workflow-model/test/mapping.test.ts	052273c23c3abda541b890cad90c904b702911b4	052273c23c3abda541b890cad90c904b702911b4	present	full-body	domain
packages/workflow-model/test/package-contract.test.ts	3dbccbaf20e5052f164a8c275d2a591c15cd3782	3dbccbaf20e5052f164a8c275d2a591c15cd3782	present	full-body	domain
packages/workflow-model/test/retained-workflow-v1.test.ts	0e0f762365b3f2a540923938931f0bd807d8edbb	0e0f762365b3f2a540923938931f0bd807d8edbb	present	full-body	domain
packages/workflow-model/test/workflow-graph-contract.test.ts	73d8fcb7bf1d9ac6d97e0d4a51e792c2d299b970	73d8fcb7bf1d9ac6d97e0d4a51e792c2d299b970	present	full-body	domain
packages/workflow-model/tsconfig.json	589a74d33abeb4ac515c02b7242bc1d4b0308cfe	589a74d33abeb4ac515c02b7242bc1d4b0308cfe	present	full-body	domain
packages/workflow-model/tsconfig.test.json	df52f8bc2281a94d6c9377eed20383f5c9e2111d	df52f8bc2281a94d6c9377eed20383f5c9e2111d	present	full-body	domain
packages/workflow-model/vitest.config.ts	ccd63dad37f7a8e13f1a99e4b65b77ef008b9496	ccd63dad37f7a8e13f1a99e4b65b77ef008b9496	present	full-body	domain
packages/workflow-model/vitest.coverage.config.ts	820fb231a7a4ac58a824c8b2ffc610d2a7d701d4	820fb231a7a4ac58a824c8b2ffc610d2a7d701d4	present	full-body	domain
pnpm-lock.yaml	017b69ad84f4811f4ef422599707316c97c2beb1	017b69ad84f4811f4ef422599707316c97c2beb1	present	generated-validated	primary
pnpm-workspace.yaml	850c641bfca06f3a027c9a09243d6d376dad4a54	850c641bfca06f3a027c9a09243d6d376dad4a54	present	full-body	primary
tsconfig.base.json	4bbcf936edd3ac096389043bdad4b69a7a38adf9	4bbcf936edd3ac096389043bdad4b69a7a38adf9	present	full-body	primary
tsconfig.json	b652ed0e2d4bc81a32bb33da17e236606da87011	b652ed0e2d4bc81a32bb33da17e236606da87011	present	full-body	primary
